movie_id;movie_slug;title;production_year;release_year;genre;duration_min;coproduction_country;status;director;screenplay_author;production_company;short_synopsis;synopsis_source;approx_budget;original_language
MOV-0001;DO-2018-inesperadamente-lucia;Inesperadamente Lucia;2018;;comedy;95;DO;in_production;Carlos Waddis Jáquez;Alejandro Andújar|Ettore Trombin;Yuquita Films, SRL;Luca y Javier, dos amigos extranjeros viven en un pequeño y encantador pueblo playero de la República Dominicana donde han encontrado un lugar que les permite mantenerse alejados de su oscuro pasado, tratando de ser felices. Cuando Lucía Flores, una poderosa empresaria mexicana, acompañada de su excéntrica madre, pone sus ojos en ese lugar para construir un hotel de lujo, se rompe la armonía de todo el pueblo. Así como entre Luca y Javier.;imdb;65546366;spanish
MOV-0002;DO-2020-tumba-y-quema;Tumba y Quema;2020;2023;documentary;90;DO;released;José María Cabral González;José María Cabral González;Grupo Trukemer, SRL;Un documental sobre la deforestación dentro de parques nacionales en la República Dominicana.;imdb;37538231;spanish
MOV-0003;DO-2019-1979;1979;2019;;drama;85;DO;unknown;Ronni Oscar Castillo Alcántara;Emmanuel De Jesús Galán De León;Pilón Productions, SRL;;pending;39534545.97;spanish
MOV-0004;DO-2019-atravesando-el-jordan;Atravesando El Jordán;2019;2020;drama;85;DO;released;Alan Augusto Nadal Piantini;Alan Augusto Nadal Piantini;Pilón Productions, SRL;Jordan, un adolescente amante del baloncesto atrapado en vicios y malas influencias, conoce a Don Roberto, quien lo entrenará no solo en básquetbol, sino espiritualmente también.;imdb;26073164.47;spanish
MOV-0005;DO-2020-20-billones;20 Billones;2020;;documentary;90;DO;unknown;Oliver Ernesto Olivo Batista;Enrique Darwin Caraballo Beloso;Educa Films, SRL;;pending;61809568.05;spanish
MOV-0006;DO-2020-100-anos-en-movimiento;100 Años En Movimiento;2020;2023;documentary;90;DO;released;Andrés Curbelo Baccino;Andrés Curbelo Baccino;Cacique Productions, SRL;Una visión reveladora que muestra la realidad sobre la situación de la movilidad en el Gran Santo Domingo.;cinemadominicano;45068242;spanish
MOV-0007;DO-2020-aventura-historica;Aventura Histórica;2020;2024;sci-fi;100;DO;released;Luis Carlos Llosa Urquidi;Luis Carlos Llosa Urquidi|Pablo Ricardo Vazquez Flores;Aventura Histórica Films, SRL;;pending;99456916;spanish
MOV-0008;DO-2019-bantu-mama;Bantu Mama;2019;2022;drama;86;DO;released;Iván Herrera Beato;Iván Herrera Beato|Clarisse Michelle Albrecht;Point Barre, SRL;Una francesa de origen africano logra escapar después de haber sido detenida en la República Dominicana. Se refugia en el barrio mas peligroso de Santo Domingo (Capotillo), donde es recogida por un grupo de niños. Al convertirse en su protegida y figura materna, verá su destino cambiar de manera inexorable.;filmaffinity;49896389;spanish
MOV-0009;DO-2019-con-un-pie-aqui-y-el-otro-alla;Con Un Pie Aquí y El Otro Allá;2019;;documentary;90;DO;in_production;Hans Christians García García;Hans Christians García García;Hannah Films, SRL;;pending;41279417.81;spanish
MOV-0010;DO-2020-cuarencena;Cuarencena;2020;2023;comedy;121;DO;released;David Emmanuel Maler Baquero;David Emmanuel Maler Baquero;Producciones Guayacanes 005, SRL;La armonía se desmorona entre 7 amigos en una cena privada durante el confinamiento por la pandemia.;filmaffinity;76901622;spanish
MOV-0011;DO-2021-cuentos-de-azucar-y-trigo;Cuentos De Azúcar Y Trigo;2021;;documentary;90;DO;unknown;David Pagán Mariñez;José Ramón Alamá Núñez;Godraniss Group, SRL;;pending;39947444;spanish
MOV-0012;DO-2019-donde-me-lleves;Donde Me Lleves;2019;;drama;90;DO;in_festivals;Lisbet Margarita Plata Parra;Lisbet Margarita Plata Parra;Nimita Productions, SRL;;pending;30483298;spanish
MOV-0013;DO-2021-el-fotografo-de-la-40;El Fotógrafo De La 40;2021;2024;documentary;75;DO;released;Orlando Barría|Erika Santelises;Orlando Barría|Erika Santelises;Yohima, SRL;Se cuenta la historia del desconocido héroe dominicano Pedro Aníbal Fuentes Berg, quien reveló fotografías de presos torturados en la principal cárcel clandestina de la dictadura de Rafael Trujillo.;imdb;39755731;spanish
MOV-0014;DO-2019-el-plan;El Plan;2019;2023;drama|action;90;DO;released;Robert Antonio Cornelio Torres;Robert Antonio Cornelio Torres;Joyadise, SRL;Tres niños de la calle crecieron en el mismo barrio, intentando ganarse la vida. La misteriosa aparición de un camión blindado cambiará para siempre la vida de estos jóvenes, quienes, ya adultos, buscarán venganza contra los responsables de su tragedia.;imdb;13867200;spanish
MOV-0015;DO-2019-el-unicornio-rosado;El Unicornio Rosado;2019;2022;action;85;DO;released;Tabaré De Jesús Blanchard Alburquerque;Félix Amado Rosario Viñals|Ramón Isaac Saviñón Rodríguez;Rulin Films, SRL;La vida de uno de los hackers más renombrados del mundo corre peligro después de que desarrollara una aplicación capaz de hackear cualquier cuenta de redes sociales y obtener cualquier información utilizando tan solo un número de teléfono.;imdb;80316291.18;spanish
MOV-0016;DO-2018-en-legitima-defensa;En Legítima Defensa;2018;;drama;100;ES;unknown;Judith Colell Pallares;Rafael José Vargas Molina|Greniffer Geraldine Nuñez Santos|Sterlyn Ramírez Hernández De García;Selene Films Management, SRL;;pending;76534392;spanish
MOV-0017;DO-2018-inframundo;Inframundo;2018;2022;thriller;90;DO;released;José Desiderio Gómez De Vargas;Arturo Enrique Arango Arias;Inframundo Films, SRL;Luego de la desaparición de su esposa e hija, Tomas García, un escéptico investigador policial, seguirá una pista que lo llevará hasta un centro geriátrico en las afueras de la ciudad, allí encontrará resistencia en ATABEY, una enfermera que busca proteger una antigua leyenda Taína.;cinemadominicano;63021631;spanish
MOV-0018;DO-2020-islenos;Isleños;2020;2024;thriller;90;DO;released;Héctor Manuel Valdez Martínez;Héctor Manuel Valdez Martínez;Ingenio Lateral, SRL;Tras naufragar en una isla desierta durante un viaje en yola desde la República Dominicana a Puerto Rico, un hombre se enfrenta a la soledad y la lucha por la supervivencia. Sin embargo, un encuentro inesperado le obligará a decidir entre regresar al mundo exterior o quedarse en la isla;filmaffinity;69068762;spanish
MOV-0019;DO-2020-la-broma-de-la-justicia;La Broma De La Justicia;2020;2022;drama;90;DO;released;Kendry Jassel Vicente González;Sara Morbidi|Emmanuel De Jesús Galán De León;Producciones Cohoba Films, SRL;A young lawyer faces danger trying to find evidence against a corrupt politician.;pending;46277095.04;spanish
MOV-0020;DO-2019-la-bruja;La Bruja;2019;2021;thriller;85;DO;released;Ronny Alexander Sosa González;Ronny Alexander Sosa González;Fénix Legendario Studios, SRL;Hace 40 años, un hombre hizo un pacto con una bruja a cambio de la vida de su nieta cuando esta cumpliera 15 años. Ahora ha llegado el momento, y la familia debe luchar.;imdb;63871098.26;spanish
MOV-0021;DO-2019-la-segunda-hija;La Segunda Hija;2019;2023;drama;113;DO;released;Ulises Porra Guardiola|Silvina Schnicer;Rosa Julia Prida Perdomo;Wooden Boat Productions, SRL;Sara y su niñera Yarisa mantienen una relación que parece trascender sus condiciones de clase: son lo más parecido a una hija-madre, pero un accidente pondrá a prueba su íntima lealtad y la inocente ilusión de que nada puede separarlas;imdb;65586542;spanish
MOV-0022;DO-2020-la-vida-de-los-reyes;La Vida De Los Reyes;2020;2021;comedy;95;DO;released;Francisco Ernesto Perozo Balbuena;Felix Amado Rosario Viñals|David Emmanuel Maler Baquero;Retiro Films, SRL;Se centra en la vida y la carrera del dúo cómico dominicano formado por Raymond Pozo y Miguel Céspedes;filmaffinity;79994884;spanish
MOV-0023;DO-2020-lemonade;Lemonade;2020;;comedy;80;DO;unreleased;Alan Augusto Nadal Piantini;Félix Amado Rosario Viñals;Pilón Productions, SRL;Una pareja va a una villa vacacional con sus padres para planear su boda, y luego beben una limonada adulterada con drogas psicotrópicas que encontraron en el refrigerador.;imdb;38531264.8;spanish
MOV-0024;DO-2020-libelula;Libélula;2020;2025;thriller;90;DO;released;Ronni Oscar Castillo Alcántara;Félix Amado Rosario Viñals|Ronni Oscar Castillo Alcántara;Milbo Productions, SRL;En el vibrante Nueva York de los años ochenta, María, un emblema de la diáspora latinoamericana, ve su vida transformada cuando recibe la visita de un misterioso personaje que conoce cada secreto de su pasado. En el oscuro sótano que ha llamado hogar durante años, confiesa las razones que la han mantenido atada a la penumbra. La película desentraña una historia de amor, pérdida y redención, entrelazando los hilos entre los sueños de oportunidad y las sombras del ayer.;filmaffinity;51936880.64;spanish
MOV-0025;DO-2020-los-presidentes-dominicanos;Los Presidentes Dominicanos;2020;2021;documentary;70;DO;released;Máximo Ramón Euripides Cabral Jiménez;Máximo Ramón Euripides Cabral Jiménez;Zinemapar, SRL;Docudrama sobre el repaso histórico de todos los presidentes que comprenden la historia republicana de la República Dominicana desde 1844 hasta 1966;cinemadominicano;13337361.93;spanish
MOV-0026;DO-2019-maboya;Maboya;2019;;thriller;80;DO;unreleased;Felipe Eduardo De Jesús Esteban Morales;Felipe Eduardo De Jesús Esteban Morales;Cariboo Productions, SRL;;pending;47159368.34;spanish
MOV-0027;DO-2020-noche-de-penthouse;Noche De Penthouse;2020;;documentary;90;MX|AR;released;Juan José Cid Fernández;Juan José Cid Fernández;Kradix, SRL;En las afueras de Santo Domingo, lejos de una represiva sociedad de los 80, una familia nació de un grupo de «queers» que crearon un refugio seguro en lo que se convirtió en el ahora olvidado club nocturno Penthouse. Durante esta reunión familiar, los miembros restantes vuelven a visitar el ascenso y caída de la catedral de las discotecas gay en la República Dominicana, que cerró sus puertas en 1998;programaibermedia;23797954.91;spanish
MOV-0028;DO-2019-pelota-invernal;Pelota Invernal;2019;;drama;120;DO;unknown;Gardner Carlile Hall;Gardner Carlile Hall;Point 13 Productions, SRL;;pending;93704969;spanish
MOV-0029;DO-2018-sin-palabras;Sin Palabras;2018;;drama;90;DO;unknown;Benito Zambrano;Reyvin Jaquez Grullón|Jalsen Antonio Santana Morel;Frontera Films, SRL;;pending;63428501.09;spanish
MOV-0030;DO-2019-sunshine;Sunshine;2019;;drama;75;DO;unknown;Juan Antonio Bisonó Pacheco;Juan Antonio Bisonó Pacheco;Bacanarama Producciones, SRL;;pending;69841215;spanish
MOV-0031;DO-2021-aire;Aire;2021;2024;sci-fi|romance;90;DO;released;Claudia Leticia Tonos Paniagua;Feliz Amado Rosario Viñals|Claudia Leticia Tonos Paniagua;Producciones Línea Espiral, SRL;Tania es una bióloga conservacionista que vive en un futuro distópico en el que la raza humana se está extinguiendo por la contaminación y las enfermedades. En un esfuerzo por evitar la extinción de su especie, intenta autoinseminarse con la ayuda de Vida, un sistema de inteligencia artificial.;filmaffinity;94650938;spanish
MOV-0032;DO-2019-artesanos;Artesanos;2019;2025;documentary;90;DO;released;Eleuterio Silverio;Miguel Ángel Magallanes;La Flor De Auyama Films, SRL;Este documental nos llevará a un emocionante viaje por la historia detrás de las manos que crean las hermosas obras de artesanía dominicana, piezas que han ganado reconocimiento tanto a nivel nacional como internacional.;filmaffinity;27123039.74;spanish
MOV-0033;DO-2020-beltre-camino-a-cooperstown;Beltré: Camino A Cooperstown;2020;;documentary;70;DO;unreleased;Abinadab Alberto Reyes;Abinadab Alberto Reyes;Dukesa Films, SRL;"El documental narra la emocionante e inspiradora historia de Adrián Beltre, el
famoso pelotero dominicano que consiguió llegar a las Grandes Ligas. Nos
sumerge en los orígenes del protagonista, un joven que con tan sólo 15 años ya
destacaba por su increíble forma de jugar y en el camino que tuvo que recorrer
para cumplir su sueño. Un camino lleno de obstáculos a los que tuvo que
enfrentarse para llegar a ser uno de los mejores deportistas dominicanos y futuro
miembro del Salón de la Fama.";youtube;34282193.59;spanish
MOV-0034;DO-2021-boca-chica;Boca Chica;2021;2024;drama;90;DO;released;Gabriella Moses;María Teresa Ugas Castro|María Josefina Rondón García;Selene Films Management, SRL;Desi pasa los días en las playas de su ciudad natal, soñando con convertirse en una cantante famosa, pero su objetivo se ve amenazado por mentiras, prostitución infantil y una siniestra traición de quienes más deberían protegerla.;filmaffinity;59999651.35;spanish
MOV-0035;DO-2021-books-and-drinks;Books And Drinks;2021;2025;comedy|romance;90;DO;released;Geoffrey Cowper;Pablo José Lozano Hernández;Kalidoscopic, SRL;David es el bohemio dueño de una librería de Brooklyn en bancarrota. Tras una visita inesperada de su madre, descubre que su padre ha muerto de un infarto, dejándole en herencia su casa en el Caribe. Raquel, su novia, insiste a David en que vuele a República Dominicana para vender la casa y así poder saldar las deudas y convertir su librería en el lugar que siempre ha soñado. María, una apasionada agente inmobiliaria, le ayudará en la gestión de la venta.;filmaffinity;73025653;spanish
MOV-0036;DO-2021-buscando-a-liborio;Buscando A Liborio;2021;2021;documentary;75;DO;released;Fernando Arturo Martínez Sosa;Fernando Arturo Martínez Sosa;Balsié Guanabana Macuto, SRL;Liborio desaparece de su casa en pleno huracán. Reaparece al cabo de unos días hablando como un profeta y curando a los enfermos. No tardan en surgirle seguidores que lo acompañan a vivir en las montañas de la República Dominicana. Cuando Estados Unidos envía un contingente del Cuerpo de Marines para restaurar el orden y la paz en el país, Liborio es visto como una amenaza.;filmaffinity;35817412.21;spanish
MOV-0037;DO-2021-butyto;Butyto;2021;;animation|fantasy;90;DO;in_production;Félix Ricardo Limardo Serrano;Francisco Alberto Montás Guzmán|Omar Dario Hauszler Sánchez;Dominican Nightscape, SRL;Un niño entabla amistad con un sabio búho ecologista que le ayuda a superar su miedo a la oscuridad presentándole a sus compañeros animales nocturnos y sus problemas con la contaminación lumínica.;imdb;66943888.5;spanish
MOV-0038;DO-2017-capitan-avispa;Capitán Avispa;2017;2024;animation;100;DO;released;Jean Gabriel Guerra Vega;Miguel Alfredo Yarull Sánchez|Juan Luis Guerra Seijas|Gustavo Alberto López Calderón;Guerra Toons, SRL;En Avispatropolis y en el Reino de la Miel viven en armonía en el panal protegidos por el Héroe de ambos, el Capitán Avispa, pero su archienemigo Avispón Jaques Poison y sus secuaces planean acabar con esa paz y apoderarse de ambas colonias. Está en las manos de este insecto defender a los suyos a toda costa, como siempre, con nobleza, justicia e inocencia.;filmaffinity;235856083;spanish
MOV-0039;DO-2018-carlota-la-mas-barrial;Carlota La Mas Barrial;2018;2025;comedy;80;DO;released;Yoel Morales;Carlos Ramón  Sánchez Fernández;Dukesa Films, SRL;Carlota, una mujer feroz con una sola ceja, una lengua rápida y un corazón intrépido, lidera a su vecindario en la resistencia a una banda que intenta apoderarse de él con violencia y miedo.;filmaffinity;62291006.33;spanish
MOV-0040;DO-2021-casa-llena;Casa Llena;2021;;comedy;90;DO;unknown;Francisco Ernesto Perozo Balbuena;Félix Amado Rosario Viñals;Oruga Films, SRL;;pending;84999494;spanish
MOV-0041;DO-2021-congo-pa-casimiro;Congo Pa Casimiro;2021;2025;documentary;75;DO;released;Francisco Mota Mota;Francisco Mota Mota;Yohima, SRL;Casimiro Minier, capitán de la Hermandad del Espíritu Santo de la República Dominicana, falleció a la edad de más de 100 años. Congo Pa' Casimiro narra la ceremonia en la que su alma pasa del mundo de las mentiras al mundo de la verdad.;imdb;35043587.56;spanish
MOV-0042;DO-2022-convivencia;Convivencia;2022;2023;drama;96;DO;released;José Gómez De Vargas;Tony Gómez Guzmán;Guasábara Cine, SRL;Después del asesinato de un residente de un antiguo condominio, una extensa investigación retiene a un grupo de siete locatarios en una sala de interrogatorios, todos ellos sospechosos de cometer el delito.;imdb;30291247.32;spanish
MOV-0043;DO-2021-cuentos-de-arroz-y-maiz;Cuentos De Arróz Y Maiz;2021;;documentary;80;DO;unknown;Héctor Manuel Valdez Martínez;Hector Manuel Valdéz Martínez;Ingenio Lateral, SRL;;pending;43485458;spanish
MOV-0044;DO-2020-cuentos-de-chocolate;Cuentos De Chocolate;2020;;documentary;75;DO;unknown;César Gilberto Amado López|José Ramón Alama Núñez ;Hector Manuel Valdéz Martínez|César Gilberto Amado López|José Ramón Alamá Núñez;Stone Productions, SRL;;pending;39418654;spanish
MOV-0045;DO-2019-danny-45;Danny 45;2019;2023;drama;108;DO;released;Gilberto Amable De La Rosa;Gilberto Amable De La Rosa;Manaya Films, SRL;Narra la vida de un temido delincuente abatido detrás de las rejas después de hacerse famoso por su prontuario delictivo que incluyó el asesinato de mas de diez personas dentro y fuera del penal.;filmaffinity;69398343.91;spanish
MOV-0046;DO-2021-desaparecido;Desaparecido;2021;2022;drama;97;DO;released;Roberto Ángel Salcedo Sanz;Roberto Ángel Salcedo Sanz;Miraxis Films, SRL;Manuel está en el punto de mira tras verse envuelto en una relación extramatrimonial, pero para sorpresa de sus amigos y enemigos, ha desaparecido.;filmaffinity;69962619.05;spanish
MOV-0047;DO-2021-detras-de-la-tormenta;Detras De La Tormenta;2021;;documentary;70;DO;unknown;Yoel Báez Morales;Cristian Manuel Mojica Espinal;Blind Eye Productions, SRL;;pending;24725750;spanish
MOV-0048;DO-2016-dominicanos-en-medio-oriente;Dominicanos En Medio Oriente;2016;;documentary;75;DO;unknown;Fernando Blanco;Fernando Blanco;F&B Films, SRL;;pending;13855529.74;spanish
MOV-0049;DO-2022-donde-florecio-una-devocion;Donde Floreció Una Devoción;2022;2025;documentary;70;DO;in_festivals;Elsa Julia Turull Maldonado De Alma;Caroline Patricia Beltré Ogando|Rodolfo Eduardo Pezzotti Fernández;Larimar Services, SRL;¿Cómo es posible que la tradición católica de Nuestra Señora de Altagracia haya perdurado durante tantos años en la República Dominicana?;imdb;61598394.14;spanish
MOV-0050;DO-2021-duenos-del-tiempo;Dueños Del Tiempo;2021;2024;drama;100;DO;released;Luis Carlos Llosa Urquidi;Luis Carlos Llosa Urquidi|Pablo Ricardo Vazquez Flores;Aventura Histórica Films, SRL;Un científico y un grupo de niños viajan con una máquina del tiempo a través de los primeros momentos de la historia dominicana.;imdb;103460604.4;spanish
MOV-0051;DO-2021-el-brujo;El Brujo;2021;2022;comedy;85;DO;released;Alcibíades López Castillo;Ariel Kelly Camilo|Alcibíades López Castillo|Eduardo José Jaar Estévez|Desiree Altagracia Reyes Peña;El Brujo, SRL;Tras un incidente confuso, un hombre cristiano huye a casa de su primo en el campo y se ve obligado a hacerse pasar por adivino.;imdb;84842739;spanish
MOV-0052;DO-2021-el-cucu;El Cucu;2021;2025;thriller;90;CO;released;Francisco Alberto Rodríguez;Felix Amado Rosario Viñals;Panorámica Films, SRL;;pending;17989812.31;spanish
MOV-0053;DO-2021-el-hombre-transformado;El Hombre Transformado;2021;2022;drama;100;DO;released;Máximo Ramón Cabral Jiménez;Máximo Ramón Cabral Jiménez;Paos Films, SRL;Un hombre socialista pasa por problemas matrimoniales y su vida es transformada por la fe cristiana.;imdb;18786500.82;spanish
MOV-0054;DO-2021-el-humor-en-tiempos-de-covid;El Humor En Tiempos De Covid;2021;2022;documentary;90;DO;released;Wilfredo Ernesto Alemany Martínez;Felix Amado Rosario Viñals|Carlos Manuel Sánchez Rodríguez;Stand Up Films, SRL;Acerca de los efectos de la pandemia de COVID-19 en la escena del stand-up comediante dominicano.;imdb;33745133;spanish
MOV-0055;DO-2017-el-laberinto-de-julia;El Laberinto De Julia;2017;;thriller;80;DO;unreleased;Lizeth Dayana Barrantes Figuero|Josias Francisco Domínguez Familia;Loveska Rafaelina Chicon Peña|Lizeth Dayana Barrantes Figuero;Barrantes Films, SRL;En 1999, la artista Julia regresa a Sosua, República Dominicana, con su familia. Confrontada con su herencia judía y un pasado doloroso, se ve atrapada en un laberinto psicológico mientras se prepara para una importante exposición de arte.;imdb;37972914;spanish
MOV-0056;DO-2022-elecciones-en-pandemia;Elecciones En Pandemia;2022;2023;documentary;90;DO;released;Juan Basanta Ortíz;Mauricio De Vengoechea Rodríguez|Patricia Solano Lora|Jorge Martínez Iglesias;Grupo Vienze, SRL;;pending;43939192.68;spanish
MOV-0057;DO-2021-ellas-nos-hablan-de-cerca;Ellas Nos Hablan De Cerca;2021;;documentary;97;DO;unknown;Rosa Natalia Cabral Sosa;Rosa Natalia Cabral Sosa|Oriol Estrada Martos;Sky Films, SRL;;pending;30026934;spanish
MOV-0058;DO-2021-en-el-nombre-de-dios;En El Nombre De Dios;2021;;drama;90;DO;unknown;David Emmanuel Maler Baquero;Miguel Alfredo Yarull Sánchez;Cacique Productions, SRL;;pending;80808569;spanish
MOV-0059;DO-2020-esa-noche-el-taxi;Esa Noche: El Taxi;2020;2026;thriller;90;CO;streaming;Luis Corporán Pérez;Luis Corporán Pérez;Dare Films, SRL;Un taxista que trabaja de noche se ve envuelto en situaciones que escapan a su control.;imdb;22920467.22;spanish
MOV-0060;DO-2020-flow-calle;Flow Calle;2020;2022;drama;90;DO;released;Francisco Ernesto Perozo Balbuena;Andrés Ernesto López López;Púrpura Films, SRL;Una cantante de música urbana de un barrio pobre atraviesa amores y dolores en su camino hacia el éxito.;filmaffinity;121000000;spanish
MOV-0061;DO-2020-fragil-como-el-vidrio;Frágil Como El Vidrio;2020;;documentary;90;DO;unknown;Marvin Raúl Del Cid Álvarez;;Pal Monte Pictures, SRL;;pending;33010059;spanish
MOV-0062;DO-2021-granito-de-arena;Granito De Arena;2021;;drama;70;DO;unknown;Jennson Cruz;;Luna Negra, SRL;Expone los daños en los arrecifes coralinos costeros de la República Dominicana.;imdb;15272747.16;spanish
MOV-0063;DO-2021-insignias-de-honor;Insignias De Honor: La Tercera Frontera;2021;;drama;90;DO;unknown;Carlos Alberto Salcedo Gavilán;;Voces Films, SRL;;pending;69957534.17;spanish
MOV-0064;DO-2021-isla-del-sabor;Isla Del Sabor;2021;;documentary;97;DO;unknown;Arturo Dickson;;Cattaleya Pictures, SRL;;pending;47178186;spanish
MOV-0065;DO-2019-joseito-el-rey-del-merengue;Joseito: El Rey Del Merengue;2019;;documentary;80;DO;unknown;Jammy Marie Báez Cordero|Alfonso David Quiñones Machado;;La Ficha Films, SRL;La vida y la carrera del cantante dominicano de merengue Joseíto Mateo.;imdb;48362570.61;spanish
MOV-0066;DO-2019-justo-a-tiempo;Justo A Tiempo;2019;2024;comedy;115;DO;released;José Arturo Mojica García;;Mojica Films, SRL;Un joven ejecutivo egocéntrico y adicto a la tecnología lucha por ganar una apuesta de popularidad entre sus amigos ricos, pero termina envuelto en una odisea salvaje, perdido en las montañas y obligado a viajar con un alborotador implacable.;imdb;23205999.94;spanish
MOV-0067;DO-2021-la-familia;La Familia;2021;2024;comedy;90;DO;released;Yasser Walid Michelen Cunillera;;Vezlop Group, SRL;Un padre gasta todos los ahorros de la familia en una empresa multinivel, con consecuencias inesperadas.;imdb;79430739;spanish
MOV-0068;DO-2021-la-hembrita;La Hembrita;2021;2023;drama;90;DO;released;Laura Amelia Guzmán;;Producciones Guayacanes 006, SRL;"Una mujer de clase alta con el ""síndrome del nido vacío"" termina con una de las nietas de su criada bajo su cuidado. Debe decidir entre devolver a la niña o mantenerla en la familia.";filmaffinity;84482203;spanish
MOV-0069;DO-2021-la-hora-de-volve;La Hora De Volve;2021;;documentary;80;DO;unknown;Juan Alexander De Los  Santos Viola;;Infinito Productions, SRL;;pending;21994935;spanish
MOV-0070;DO-2022-la-odisea-juana-pepe-y-lupita;La Odisea: Juana, Pepe y Lupita;2022;;documentary;80;DO;unknown;Marvin Raúl Del Cid Álvarez;;Blind Eye Productions, SRL;;pending;15039573.68;spanish
MOV-0071;DO-2017-la-otra-lucha;La Otra Lucha;2017;2022;drama;90;DO;released;Hans Christians García García;;Perseo Films, SRL;Un joven izquierdista dominicano, convencido de que existe un plan para cometer un fraude electoral en 1978, inicia lo que se convertirá para él en una nueva revolución.;imdb;71302507.78;spanish
MOV-0072;DO-2022-la-soga-3;La Soga 3;2022;2023;drama|action;85;DO;released;Manuel Agustín Pérez Batista;;Conuco Productions, SRL;Un sicario, impulsado por una implacable sed de venganza, descubre en el proceso que su amor por la familia es mucho más fuerte. Un amor que lo lleva a la muerte y reaviva un círculo vicioso de venganza.;imdb;32987842;spanish
MOV-0073;DO-2022-las-palmeras-bailan-solas;Las Palmeras Bailan Solas;2022;;documentary;90;DO;unreleased;Giancarlo Beras-Goico Mejía;;Timecode, SRL;La lucha por recuperar la industria turística dominicana durante la pandemia.;imdb;44553306;spanish
MOV-0074;DO-2020-un-matrimonio-perfecto;Un Matrimonio Perfecto;2020;;comedy;90;DO;unknown;Francisco De Jesús Disla Ferreira;;Canoa Films, SRL;;pending;;spanish
MOV-0075;DO-2017-milvio;Milvio;2017;2026;documentary|animation|action;72;DO;released;Milbert Skydiver Pérez Reynoso;;Milbo Productions, SRL;Milvio Pérez, Un fotógrafo que desafió el peligro en busca de imágenes para la historia. Los momentos más candentes de la historia dominicana, desde la caída del trujillato hasta pasada la revolución de abril, fueron detenidos por su cámara. Por eso sus fotos no sólo recorrieron el mundo en las primeras páginas de diarios nacionales e Internacionales, también están obligatoriamente en los libros que narran el acontecer de esos días. Sus fotos son, por sobre todo, el testimonio más fiel de sus desvelos de igualdad e inquietud por preservar en gráficas la historia de la república dominicana;youtube;37178810;spanish
MOV-0076;DO-2018-monstruos;Monstruos;2018;;drama;100;DO;unknown;Marlon Leonardo Soto Báez;;Toro Celeste, SRL;;pending;63672892.03;spanish
MOV-0077;DO-2021-morena-s;Morena (S);2021;2024;documentary;75;DO;released;Iván Lara Del Villar|Victoria María Rodríguez Apolinario;;Oggún Films, SRL;Una inmigrante dominicana en Buenos Aires lucha por mantener a flote su negocio y el sueño de traer a su hijo adolescente a Argentina.;imdb;11955404.2;spanish
MOV-0078;DO-2020-mundo-de-islas-imaginadas;Mundo De Islas Imaginadas;2020;;animation|adventure;70;DO;in_production;Richard  Eric Gluski;;Cocu Films, SRL;;pending;68939054;spanish
MOV-0079;DO-2021-musica-en-la-ciudad;Música En La Ciudad;2021;;documentary;120;DO;unknown;Esteban Pablo Martin;;Neom Films One, SRL;Música en la Ciudad es una exploración de los diversos géneros musicales de la República Dominicana. El documental profundiza en la historia de la bachata, el merengue, la salsa son, el reguetón y el palo, con entrevistas y comentarios de destacados artistas, músicos y productores de estos géneros.;imdb;20492398;spanish
MOV-0080;DO-2021-olivia-y-las-nubes;Olivia Y Las Nubes;2021;2025;animation;90;DO;released;Tomás Eduardo Pichardo Espaillat;;Antares Cine & Animación, SRL;Olivia y las nubes explora las complejidades del amor a través del efecto Rashomon. Olivia, atormentada por un amor pasado, lo esconde debajo de su cama. Intercambia flores con este fantasma a cambio de reconfortantes nubes de lluvia.;filmaffinity;72962184.31;spanish
MOV-0081;DO-2022-orgullo-de-quisqueya;Orgullo De Quisqueya;2022;2023;documentary;90;DO;released;Francisco Alberto Rodríguez;;Orgullo De Quisqueya, SRL;Historias de destacadas personalidades dominicanas en Estados Unidos, Canadá, España, Colombia y Egipto.;imdb;49006199;spanish
MOV-0082;DO-2021-para-toda-la-vida;Para Toda La Vida;2021;;comedy;90;MX;unknown;René Bueno;;Dare Films, SRL;;pending;85356747.1;spanish
MOV-0083;DO-2020-paraiso-para-dos;Paraíso Para Dos;2020;;romance;78;DO;in_festivals;José Enrique Pintor Carretero;;Producciones Amaru, SRL;;pending;47822260;spanish
MOV-0084;DO-2021-pepe-imaginacion-tercer-cine;Pepe: La Imaginación En El Tercer Cine;2021;2025;drama|fantasy;90;NAM|FR|DE;released;Nelson Carlos De Los Santos Arias;;Lopasa Comercial, SRL;Una voz que dice ser de un hipopótamo. Una voz que no comprende la noción del tiempo. Pepe, el primer y último hipopótamo asesinado en América, cuenta su historia con la abrumadora oralidad propia de estos pueblos.;imdb;55949600;spanish
MOV-0085;DO-2021-ramona;Ramona;2021;2023;documentary;97;DO;released;Victoria Linares Villegas;;Sky Films, SRL;Sintiéndose poco preparada para su papel de adolescente embarazada de las afueras de Santo Domingo, la actriz Camila decide sentarse con jóvenes embarazadas para inspirarse. Sin embargo, Ramona se adentra inesperadamente en un terreno desconocido cuando las adolescentes pasan a ocupar el centro del escenario.;filmaffinity;40041279;spanish
MOV-0086;DO-2021-renacer;Renacer;2021;2023;documentary;70;DO;released;Francisco Alberto Rodríguez;;Imbexford Global Group, SRL;La historia del nadador paralímpico dominicano Patricio López.;imdb;29402154.88;spanish
MOV-0087;DO-2021-republica-de-la-pelota-vol-i;República De La Pelota Vol I;2021;;documentary;90;DO;unknown;José María Cabral González;;High Score Media, SRL;;pending;43917010;spanish
MOV-0088;DO-2021-republica-de-la-pelota-vol-ii;Republica De La Pelota Vol II;2021;;documentary;90;DO;unknown;José María Cabral González;;High Score Media, SRL;;pending;43927063;spanish
MOV-0089;DO-2020-santo-domingo-desde-el-aire;Santo Domingo Desde El Aire;2020;;documentary;72;MX;unknown;Jeison Jesús Blanco Morán;;Estándarf Films, SRL;;pending;14470607.18;spanish
MOV-0090;DO-2021-seropositivo;Seropositivo;2021;2023;drama;90;DO;released;Bruno Musso;;Panorámica Films, SRL;En la década de los 90, dos dominicanos de éxito que viven en Buenos Aires enfrentan el rechazo, los prejuicios y el desconocimiento por ser seropositivos;filmaffinity;81843866.3;spanish
MOV-0091;DO-2019-the-facility;The Facility;2019;;drama;113;DO;unknown;Félix Ricardo Limardo Serrano;;Samán Films, SRL;;pending;44682262.72;spanish
MOV-0092;DO-2021-the-one;The One;2021;;documentary;90;DO;unknown;Alex Rodríguez;;The Only One Films;;pending;59957682.12;spanish
MOV-0093;DO-2021-theobroma;Theobroma;2021;;documentary;85;DO;unknown;Héctor Manuel Valdez;;Vezlop Group, SRL;;pending;47661440;spanish
MOV-0094;DO-2022-tragico-final;Trágico Final;2022;;drama;95;DO;unknown;Francisco Alberto Rodríguez;;Jacagua Films, SRL;;pending;61056000;spanish
MOV-0095;DO-2022-un-novio-para-mama;Un Novio Para Mama;2022;2023;comedy;90;DO;released;Roberto Ángel Salcedo Sanz;;Miraxis Films, SRL;Una madre divorciada con tres hijas asume su rol con más rectitud de la cuenta, llevando una vida muy monótona solo concentrada en sus hijas y en su trabajo. Su actitud inflexible, poco divertida, hacen que ellas sientan la presión de buscarle una pareja.;filmaffinity;62523015.4;spanish
MOV-0096;DO-2022-una-hermosa-coincidencia;Una Hermosa Coincidencia;2022;;drama;90;DO;unknown;Hans Christians García García;;Hannah Films, SRL;Kathy, una joven florista con el corazón roto, encuentra nuevo amor por coincidencia en Andrés - pero en la vida, nada es una coincidencia.;imdb;60951225.29;spanish
MOV-0097;DO-2018-vals-de-santo-domingo;Vals De Santo Domingo;2018;;documentary;80;DO;in_festivals;Tatiana Fernández Geara;;Cine Carmelita, SRL;Dentro de una clase de ballet, Raymundo, Ángel y Víctor salen a relucir los prejuicios de un país donde la danza es catalogada como una actividad exclusiva para mujeres.;filmaffinity;5995797.37;spanish
MOV-0098;DO-2021-vienes-o-voy;Vienes o Voy;2021;2024;comedy;115;ES;released;Jaime Botella;;Lune Films Productions, SRL;;pending;138354502.5;spanish
MOV-0099;DO-2019-yaque-296;Yaque 296;2019;;documentary;100;DO;unreleased;Oliver Ernesto Olivo Batista;;POB Films, SRL;La película cuenta la historia de las personas que viven a lo largo de Yaque del Norte, el río más largo e importante de República Dominicana, y cómo esa corriente de agua juega un papel esencial en sus vidas.;imdb;42596792;spanish
MOV-0100;DO-2018-a-tiro-limpio;A Tiro Limpio;2018;2025;action;90;DO;released;Jean Gabriel Guerra Vega;;Producciones ATL, SRL;Un ladrón profesional busca venganza personal. El capitán que va tras él busca cumplir una deuda moral. Ambos buscan justicia.;filmaffinity;96563397;spanish
MOV-0101;DO-2022-asalto-en-progreso;Asalto En Progreso;2022;2024;thriller;93;DO;released;Josell Agapitohernández;;Asalto En Progreso, SRL;Abrumado por las deudas y los problemas familiares, un dentista intenta robar una oficina bancaria, manteniendo a la sociedad dominicana en vilo durante 14 horas.;imdb;74996668.51;spanish
MOV-0102;DO-2022-asi-ganamos;Así Ganamos;2022;;documentary;90;DO;unknown;Violeta Marie Lockhart Guerrero;;Minervas Producciones, SRL;;pending;38759027.34;spanish
MOV-0103;DO-2023-bienvenidos-al-paraiso;Bienvenidos Al Paraíso;2023;2024;comedy;85;DO;released;Ana María Alva;;Godraniss Group, SRL;Un chocolatero y su pareja planean una boda caribeña extravagante. Sin embargo, los celos ponen a prueba su relación durante las vacaciones, llevando a consecuencias desastrosas.;imdb;86496192;spanish
MOV-0104;DO-2022-colao-2;Colao 2;2022;2023;comedy|romance;90;DO;released;Francisco Ernesto Perozo Balbuena;;Nayam Films, SRL;Después de seis años, Antonio y Laura se enfrentan a una crisis en su relación.;imdb;89995000;spanish
MOV-0105;DO-2022-coma-profundo;Coma Profundo;2022;2024;drama;96;DO;released;Roberto Ángel Salcedo Sanz;;Miraxis Films, SRL;Tras un accidente, un corredor de motos cae en coma, lo que provoca esperanzas e intrigas en sus allegados.;filmaffinity;59916580.56;spanish
MOV-0106;DO-2022-concho;Concho;2022;;drama;80;DO;unknown;Reyvin Jáquez Grullón;;Fast Films, SRL;;pending;26943902.46;spanish
MOV-0107;DO-2018-consuelo;Consuelo;2018;;documentary;105;DO;unknown;Edmond Gabriel Valencia Tavares;;Duho Cinema, SRL;;pending;29835048.16;spanish
MOV-0108;DO-2023-dia-8;Día 8;2023;2025;drama;96;DO;released;José Carlos Gómez;;Effeta Films, SRL;En su incesante búsqueda de notoriedad, Yira se convierte en una joven influencer. Sus seguidores empiezan a aumentar y esto la llena de felicidad pasajera. Vive desafiante ante la fe, y triste ante la realidad de su relación familiar. El amor por su hermana menor la lleva a buscar una solución a su problema de salud. En esa búsqueda la vida de Yira da un giro, cuando se topa accidentalmente con un video en Youtube de un sacerdote canadiense radicado en santo domingo, quien, a pesar de ya haber fallecido, cuenta con mucho respeto, cariño y popularidad. Se obsesiona con investigar más sobre la vida de este sacerdote y los testimonios que escucha sobre él. En su proceso de búsqueda, es confrontada con su realidad personal, llegando así a un punto de quiebre que la interpela de manera profunda.;youtube;59995466.39;spanish
MOV-0109;DO-2023-dicen-por-ahi;Dicen Por Ahí;2023;2026;documentary;70;DO;released;Richard Rodríguez|Elsa Turull De Alma;;Larimar Services, SRL;En la comunidad de Arroyo Cano, San Juan, persiste una historia oscura, marcada por los crímenes del notorio desmembrador Petete. Con el tiempo, se ha convertido en una leyenda, en gran parte debido a la falta de información concreta sobre su vida y paradero;imdb;39915630.51;spanish
MOV-0110;DO-2022-el-ano-del-tigre;El Año Del Tigre;2022;2023;comedy;90;DO;released;Yasser Walid Michelen Cunillera;;Godraniss Group, SRL;El Pez Dorado está a punto de irse a la ruina pero una pareja de esposos hará todo lo posible para impedirlo, afrontando una serie de corruptos, timadores y usureros que les harán la vida imposible.;imdb;81380084;spanish
MOV-0111;DO-2022-el-arte-de-vivir;El Arte De Vivir;2022;;documentary;95;DO;unknown;David Emmanuel Maler Baquero;;Cacique Films, SRL;;pending;39653374;spanish
MOV-0112;DO-2022-el-buen-vivir;El Buen Vivir;2022;;documentary;85;DO;unknown;Iván Aybar;;Yuttam Group, SRL;;pending;33171145;spanish
MOV-0113;DO-2022-el-cibao-es-gigante;El Cibao Es Gigante;2022;;documentary;75;DO;unknown;Héctor José Cruz Arias;;Cineplus HJC, SRL;;pending;6802427;spanish
MOV-0114;DO-2022-el-custodio-de-la-virgen;El Custodio De La Virgen;2022;2025;documentary;70;DO;released;Elsa Julia Turull Maldonado De Alma;;Larimar Services, SRL;El trabajo del padre Evaristo Areche, tomando la custodia del cuadro de Nuestra Señora de Altagracia durante las celebraciones del centenario de su coronación.;imdb;39859892.15;spanish
MOV-0115;DO-2022-el-dandy-dominicano;El Dandy Dominicano;2022;;documentary;100;DO;unknown;Alejandro José Andújar Tejada|Héctor Aníbal Estrella Pantaleón;;El Dandy, SRL;De niño, todo dominicano tiene dos sueños: jugar béisbol e ir a Estados Unidos. Sin embargo, el primero es un sueño y el segundo una necesidad. Esta es la historia de cómo Juan Marichal se convirtió en el primer dominicano en ingresar al Salón de la Fama.;imdb;66030177;spanish
MOV-0116;DO-2023-el-lenguaje-del-cigarro;El Lenguaje Del Cigarro;2023;;documentary;90;DO;in_production;Pablo Lozano Hernández;;Selene Films Management, SRL;;pending;55000000;spanish
MOV-0117;DO-2022-el-silencio-de-marcos-tremmer;El Silencio De Marcos Tremmer;2022;;drama;90;ES;in_festivals;Miguel Ángel García De La Calera;;Hélix, SRL;Marcos Tremmer es un exitoso publicista uruguayo que vive en Madrid, locamente enamorado de su mujer, Lucía. Un día, Marcos descubre que una enfermedad letal acabará con su vida en pocos meses. Para proteger a Lucía del que, por seguro, será un inmenso sufrimiento, toma una decisión arriesgada: ocultar la situación y alejarla.;filmaffinity;121991379.3;spanish
MOV-0118;DO-2022-el-tiburon;El Tiburón;2022;2025;dark comedy;75;DO;released;Félix Germán Olalla;;Mafe Films, SRL;"Tres parejas de Cuba, República Dominicana y Haití, deciden ir en busca de una mejor
vida. Tras una tormenta en el mar, unen sus destinos para lograr su sueño de llegar a
la tierra prometida";youtube;97661327;spanish
MOV-0119;DO-2022-el-trayecto;El Trayecto;2022;2024;drama;90;DO;released;Francisco Valdez;;POB Films, SRL;Un viaje a la playa para cuatro amigos comienza a cambiar cuando los problemas de la edad adulta cotidiana ponen a prueba sus relaciones personales.;imdb;35692434.48;spanish
MOV-0120;DO-2022-el-ultimo-surrealista;El Último Surrealista;2022;;documentary;80;DO;unknown;Héctor Manuel Valdez;;Ingenio Lateral, SRL;;pending;38198483;spanish
MOV-0121;DO-2022-el-viaje-de-laura;El Viaje De Laura;2022;;drama|romance;80;DO;unknown;Ana Rodríguez Rosell;;Dare Films, SRL;;pending;72538837.07;spanish
MOV-0122;DO-2022-ella;Ella;2022;;psychological thriller;120;DO;unknown;Dilia Josefina Pacheco Méndez;;Ella Trilogía, SRL;;pending;107529249.5;spanish
MOV-0123;DO-2022-entierrenlo-de-pie;Entiérrenlo De Pie;2022;;dark comedy;90;DO;in_festivals;Ronni Oscar Castillo Alcántara;;Arrayano Films, SRL;Cuando el famoso capo de la droga Don Adrián muere, su extraño deseo final de ser enterrado de pie, arroja a su disfuncional familia en el caos.;imdb;51345787.39;spanish
MOV-0124;DO-2022-herencia-gastronomica;Herencia Gastronómica;2022;;documentary;97;DO;unknown;Pablo José Lozano Hernández;;Main Street Films, SRL;;pending;27930249;spanish
MOV-0125;DO-2022-historia-del-beisbol-dominicano;Historia Del Beisbol Dominicano;2022;;documentary;90;DO;unknown;Miguel Vásquez Brazoban;;Metro Films, SRL;;pending;61281324.49;spanish
MOV-0126;DO-2022-i-live-where-you-vacation;I Live Where You Vacation;2022;2024;documentary;80;DO;released;Iván Aybar;;Stone Productions, SRL;;pending;34508858;spanish
MOV-0127;DO-2023-i-live-where-you-vacation-2;I Live Where You Vacation 2;2023;2024;documentary;80;DO;released;Iván Aybar;;Vezlop Group, SRL;;pending;36385808;spanish
MOV-0128;DO-2022-isla-del-sabor-2;Isla Del Sabor 2;2022;;documentary;95;DO;in_production;Arturo Dickson;;Cattaleya Pictures, SRL;;pending;43846324;spanish
MOV-0129;DO-2022-la-bachata-del-bionico;La Bachata Del Biónico;2022;2025;docufiction;90;DO;released;Yoel Morales;;Cardo Santo Producciones, SRL;El romántico Biónico lucha por encontrar un trabajo y un hogar para mantener a su prometida La Flaca tras la rehabilitación. Intenta dejar las drogas con la ayuda de su compañera Calvita.;filmaffinity;39946527;spanish
MOV-0130;DO-2020-la-boveda;La Bóveda;2020;;drama;90;DO;unknown;Ronni Oscar Castillo Alcántara;;La Boda Films, SRL;;pending;65031823.15;spanish
MOV-0131;DO-2022-la-ciguena;La Cigueña;2022;2024;drama;90;DO;released;Alejandro Andújar;;Producciones Guayacanes 007, SRL;Leila, es una joven cubana que se ve envuelta en dificultades financieras después del repentino y trágico fallecimiento de su madre. En medio de una encrucijada y desesperada por pagar sus cuentas bancarias, acepta convertirse en madre sustituta para una pareja bastante misteriosa, Inés y Daniel. Bajo la constante vigilancia de Inés y su empleada doméstica, Grace, lo que en un principio parecía ser una oportunidad para solventar sus problemas económicos, pronto se convierte en una complicada travesía, más que un simple proceso físico. Al ser oprimida, su experiencia emocional se convierte en un horrible martirio al tener cada aspecto de su vida controlado y manipulado. Atrapada sin ninguna otra escapatoria, Leila descubrirá los oscuros secretos que rodean a Inés y Daniel, a medida que su embarazo avanza, obligándola a encontrar el coraje suficiente para enfrentarse de estas enigmáticas personas.;sensacine;84679451;spanish
MOV-0132;DO-2022-la-cuna;La Cuna;2022;;psychological thriller;80;DO;unknown;Juan Fernando Andres Parrilla|Esteban Roel;;The Only One Films, SRL;;pending;84999999.22;spanish
MOV-0133;DO-2020-la-grande;La Grande;2020;2024;drama|biography;103;DO;released;Francisco Alberto Rodríguez;;Lolo Films, SRL;;pending;102171685.1;spanish
MOV-0134;DO-2023-la-guira-y-la-tambora;La Guira Y La Tambora;2023;2025;drama|romance;90;CO;released;Juan Adrián Pucheu Perdomo;;Colorlab Films, SRL;Daniel, un humilde tamborero de merengue típico dominicano, se cruza en el camino de Isabel, la sobrina del alcalde, quien recientemente se mudó al pueblo. Este encuentro despierta su interés por participar en la batalla musical del pueblo, motivado por el deseo de impresionarla. Ahora, Daniel deberá decidir entre el amor y la música.;filmaffinity;64546321.93;spanish
MOV-0135;DO-2022-la-industria-del-silencio;La Industria Del Silencio;2022;;documentary;70;DO;unreleased;Nefi Adonis De Jesús;;Cana Films, SRL;;pending;18546398;spanish
MOV-0136;DO-2022-la-industria-en-rd;La Industria En Rd;2022;2023;documentary;80;DO;released;Máximo Euripides Cabral Jiménez;;Jemipas Films, SRL;;pending;24079618.43;spanish
MOV-0137;DO-2023-la-llorona;La Llorona;2023;;comedy;90;DO;unknown;Francisco Disla Ferreira|Etanislao Conrado Ortiz;;Chic Films, SRL;;pending;79058968.82;spanish
MOV-0138;DO-2022-la-ternura;La Ternura;2022;2023;comedy|fantasy;100;ES;released;Vicente Villanueva;;Bahía Carey Films, SRL;En un reino lejano cuentan las leyendas que existía una celebre y mágica Reina con dos hijas. Un día, su consorte, el Rey, acepta dos matrimonios convenidos para sus dos hijas, una realidad que la Reina no quiere aceptar. Toda ha estado marcada por los mandatos de los hombres y la Reina decide que no quiere lo mismo para sus hijas. Por ello, cuando están de viaje, hunde su barco cerca de una isla desierta para vivir tranquilas las tres. Sin embargo, en la remota isla vive un leñador y sus dos hijos, lo que hará que se tengan que hacer pasar por hombres.;sensacine;84698947;spanish
MOV-0139;DO-2021-las-tres-voces-rotas;Las Tres Voces Rotas;2021;;drama;90;DO;in_festivals;Desiree Julia Díaz Silva|Yinna Isabel De La Cruz López|Sathia Margarita Lorenzo Rossis;;Voces Rotas Films, SRL;“Voces Rotas” es un hibrido sobre tres historias de la mujer dominicana y los conflictos a los que se ven expuestas en el día a día en su centro de trabajo. Ahí se enfrentan al marcado machismo que impera, en ocasiones generando una serie de tragedias que marcan un velo de luto en la sociedad;instagram;59768567.68;spanish
MOV-0140;DO-2022-loading;Loading;2022;;drama;90;DO;unknown;Yimit Ramírez González;;Casa Latina Films, SRL;;pending;22506989.61;spanish
MOV-0141;DO-2023-los-borrachos;Los Borrachos;2023;;tragicomedy;90;DO;unknown;Rafael Fermín Suárez;;Carambola Films, SRL;;pending;59624524.82;spanish
MOV-0142;DO-2022-marcas-de-nuestra-historia;Marcas De Nuestra Historia;2022;;documentary;97;DO;unknown;Pablo Lozano;;Sky Films, SRL;;pending;32857871;spanish
MOV-0143;DO-2023-matinino;Matinino;2023;;docufiction;90;DO;in_festivals;Gabriela Díaz Arp;;Viewfinder, SRL;En este documental visualmente impactante y caleidoscópico, una familia multigeneracional de mujeres puertorriqueñas sin pelos en la lengua se convierte en la protagonista al concebir e interpretar fantásticas viñetas cinematográficas como una forma de afrontar pasados ​​dolorosos.;webpage;49317971.35;spanish
MOV-0144;DO-2023-milloneta-el-regreso;Milloneta El Regreso;2023;;drama;90;DO;in_production;Ingrid Cruz Espinal;;Hannah Films, SRL;;pending;64850769.5;spanish
MOV-0145;DO-2022-milly;Milly;2022;2026;drama|musical;90;DO;released;Claudia Leticia Tonos Paniagua|Félix Amado Rosario Viñals;;Producciones Línea Espiral, SRL;Un musical vibrante y emotivo inspirado en la vida de la icónica dominicana Milly Quezada. De niña, huye de la guerra civil en su país y emigra a Estados Unidos, llegando al corazón de Washington Heights en la década de 1970, un barrio que vibraba con ritmo, resiliencia y la energía del boom latino. Inmersa en este nuevo mundo, Milly emprende un poderoso viaje de autodescubrimiento, persiguiendo sus sueños y encontrando su propia voz, hasta convertirse en una de las mujeres más influyentes de la historia de la música latina y la aclamada Reina del Merengue.;youtube;128819823;spanish
MOV-0146;DO-2022-minotauro;Minotauro;2022;;drama;110;ES;unknown;Julio Medem Lafont;;Batú Films, SRL;;pending;153894083;spanish
MOV-0147;DO-2022-morena;Morena;2022;;drama;90;DO;unknown;Desirée Díaz Silva;;Boca Roja Films, SRL;;pending;73957343.69;spanish
MOV-0148;DO-2023-nieta-de-mi-abuela;Nieta De Mi Abuela;2023;2026;documentary;75;DO;released;Tatiana Fernández Geara;;Cine Carmelita, SRL;“No termines sola como yo.” Esta súplica expresada por su abuela antes de morir persigue a Tatiana, una cineasta documentalista soltera de 40 años. Llena de preguntas sobre lo que significa “no terminar sola”, Tatiana explora la vida de su abuela Teresa: una mujer imponente que fue dueña de un icónico cine, se divorció tres veces y desafió las normas sociales dominicanas de su época. La cineasta emprende un viaje a través de archivos familiares, películas antiguas y cientos de cartas, construyendo —o intentando deconstruir— una historia sobre el amor, las expectativas y la soledad.;filmaffinity;11400028.17;spanish
MOV-0149;DO-2019-no-me-conoces;No Me Conoces;2019;2023;documentary;90;DO;released;Nashla Bogaert Rosario;;Cacique Productions, SRL;Un documental sobre la identidad dominicana, y los prejuicios y el miedo que la sujetan.;imdb;44074198;spanish
MOV-0150;DO-2022-nuestra-tierra;Nuestra Tierra;2022;;documentary;80;DO;unknown;Ronny Alexander Sosa González;;Fénix Legendario Studios, SRL;;pending;29551415.15;spanish
MOV-0151;DO-2022-operacion-marruecos;Operación Marruecos;2022;;dark comedy;90;DO;unknown;Josías Domínguez;;Frontera Films, SRL;;pending;68998422.72;spanish
MOV-0152;DO-2022-origen;Origen;2022;;documentary;70;DO;unknown;Pablo José Lozano Hernández;;Cocu Films, SRL;;pending;30132636.93;spanish
MOV-0153;DO-2022-perez-rodriguez;Pérez Rodríguez;2022;2023;drama;88;DO;released;Humberto Tavárez;;Producciones Guayacanes 008, SRL;Una historia sobre la dominicanidad y el sinsentido de los lazos familiares, contada a través de tres celebraciones, exponiendo las idiosincrasias y secretos de la familia Pérez Rodríguez.;filmaffinity;84852839;spanish
MOV-0154;DO-2022-pico-duarte;Pico Duarte;2022;2025;documentary;90;DO;released;Arturo Emilio García Dickson;;Monte Sereno Films, SRL;Muestra la relación que tiene el Pico Duarte con la conformación de la conciencia medioambiental colectiva del pueblo dominicano, y como las zonas que rodean la montaña juegan un rol fundamental para la conservación de la biodiversidad y cuencas importantes de agua en el país.;cinemadominicano;48592045;spanish
MOV-0155;DO-2022-primu;Primu;2022;;action|drama;100;DO;unknown;Tabaré Blanchard Alburquerque;;LVS1, SRL;En el sur de República Dominicana, una vieja feudo chispa en una familia de tenderos, cuyos ejércitos repartidores compiten por controlar el recurso más valorado alrededor: el frío.;imdb;103646476;spanish
MOV-0156;DO-2022-reinas;Reinas;2022;;documentary;90;DO;unknown;Dulcita Lieggi Francisco;;Agridulce Audiovisual, SRL;;pending;18017326.08;spanish
MOV-0157;DO-2022-sola-a-los-40;Sola A Los 40;2022;2023;comedy|romance;90;DO;released;Ángel Muñiz Patin;;Películas Hechas A Mano, SRL;Una viuda de 44 años intenta encontrar un nuevo romance a pesar de la oposición celosa de su hija.;imdb;52931874.4;spanish
MOV-0158;DO-2022-sugar-island;Sugar Island;2022;2025;docufiction;90;DO;released;Johanne Gómez Terrero;;Guasábara Cine, SRL;La mecanización de la industria azucarera amenaza con desplazar a los trabajadores. Makenya, una adolescente con un embarazo no deseado, acompaña a su abuelo cañero en las protestas para ser indemnizados. El proceso de gestación es el viaje hacia la adultez. Una serpiente que representa lo misterioso guía a Makenya para que abrace tanto su poder terrenal como su conciencia multidimensional, navegando el reino de lo imposible.;filmaffinity;69999682.12;spanish
MOV-0159;DO-2022-teacher-mechy;Teacher Mechy;2022;2023;comedy;90;DO;released;Francisco Ernesto Perozo Balbuena;;Teacher Films, SRL;Tras años en Nueva York, Mercedes, una profesora muy trabajadora, regresa a la República Dominicana y consigue un trabajo para enseñar danza moderna en una escuela de clase alta, sin saber nada de danza moderna.;imdb;84999900;spanish
MOV-0160;DO-2022-tercera-edad;Tercera Edad;2022;2024;comedy;93;DO;released;Alcibíades López Castillo;;Tercera Edad Films, SRL;Dos viejos amigos se matriculan en una universidad para adultos, en busca de aventura, amor y diversión. ¿Qué podría salir mal?;filmaffinity;93852934;spanish
MOV-0161;DO-2019-the-cabin;The Cabin;2019;;thriller;93;DO;unknown;Juan Matías Moltrasio;;Gapo Productions, SRL;;pending;67683024;spanish
MOV-0162;DO-2022-tigueraje;Tigueraje;2022;2026;drama;90;DO;released;José María Cabral González;;Grupo Trukemer, SRL;Un grupo de adolescentes varones son reclutados por sus padres para un campamento de entrenamiento para convertirse en estafadores, “Tigueres” dominicanos. Alberto es el entrenador principal de este campamento y decide que ha llegado el momento de que su hijo Pablo se una al grupo.;youtube;68036536;spanish
MOV-0163;DO-2022-una-nueva-cultura-dominante;Una Nueva Cultura Dominante;2022;;documentary;150;DO;in_production;Antonio Cadenas;;Elefante Film;;pending;39949849.9;spanish
MOV-0164;DO-2023-una-ola-a-la-vez;Una Ola A La Vez;2023;;documentary;70;DO;in_production;Iván Aybar;;Anp Films 02, SRL;;pending;20719148.69;spanish
MOV-0165;DO-2023-urbano;Urbano;2023;;comedy;90;DO;unknown;Francisco De Jesús Disla;;Bomberos Films, SRL;;pending;84997237.68;spanish
MOV-0166;DO-2022-valientes;Valientes;2022;;documentary;80;DO;unknown;Joan Andrés Espino Campos;;Caktus Films, SRL;;pending;20678310.27;spanish
MOV-0167;DO-2022-victor;Victor;2022;;drama|sport;84;DO;unknown;Ronni Castillo;;Boleca Films, SRL;;pending;98636570;spanish
MOV-0168;DO-2022-zafari;Zafari;2022;2025;drama;95;PE;released;Mariana Josefina Rondón García;;Selene Films Management, SRL;En un pequeño zoológico, los vecinos de clases sociales enfrentadas festejan la llegada de Zafari, el hipopótamo. Ana, Edgar y su hijo Bruno observan todo desde la ventana de su edificio de clase alta en decadencia. En medio de la escacez de alimentos, agua y luz, Ana recolecta comida en los apartamentos abandonados, mientras la familia encuentra un modo de huir. Pero extraños sonidos en los pasillos la atemorizan cada vez más. En un mundo cada vez más salvaje, Zafari es el único que aún tiene suficiente comida.;youtube;35000000;spanish
MOV-0169;DO-2024-500-anos-despues;500 Años Despues;2024;;documentary;90;DO;unknown;Gustavo Fallas Vargas;;Bahía Carey Films, SRL;;pending;67679986;spanish
MOV-0170;DO-2023-1998-el-rumor;1998: El Rumor;2023;;documentary;70;DO;unknown;Freddy Jiménez|Elsa Turull Maldonado De Alma;;Larimar Services, SRL;;pending;39994613.7;spanish
MOV-0171;DO-2023-a-la-hora-exacta;A La Hora Exacta;2023;;drama|action;90;DO;unreleased;Robert Cornelio Torres;;Imagen 3, SRL;;pending;39609367.79;spanish
MOV-0172;DO-2024-a-marte;A Marte;2024;;drama;95;DO;unknown;Francisco Adolfo Valdez Collado;;Mostly 001, SRL;;pending;55010384.97;spanish
MOV-0173;DO-2023-a-simple-vista;A Simple Vista;2023;2025;documentary;70;DO;released;Isabella Bretón Bonilla;;A Simple Vista Producciones, SRL;;pending;37979533.77;spanish
MOV-0174;DO-2024-acorde-final;Acorde Final;2024;;drama;80;DO;in_festivals;Ángel Alberto Muñiz Patin;;Las Pato Films, SRL;;pending;62794147.39;spanish
MOV-0175;DO-2020-a-veces-grito;A veces Grito;2020;;drama;90;DO;in_production;César Enrique De Jesús Rodríguez Hernández;;Luna Negra, SRL;;pending;47644731.73;spanish
MOV-0176;DO-2023-bachatas-urbanas;Bachatas Urbanas;2023;;documentary;90;DO;unknown;Pedro Ángel López;;Xiguayo Films, SRL;;pending;55209588.86;spanish
MOV-0177;DO-2023-bajo-el-mismo-sol;Bajo El Mismo Sol;2023;;drama;90;DO;in_festivals;Ulises Porra Guardiola;;Alta Isla Films, SRL;En este drama histórico cargado de emoción y con gran resonancia política, un colono español, su compañero chino y un exsoldado haitiano trabajan juntos para introducir la producción de seda de alta calidad en La Española a principios del siglo XIX.;webpage;98050205.6;spanish
MOV-0178;DO-2022-ballet-dominicano;Ballet Dominicano;2022;;documentary;90;DO;unknown;Oliver Olivo Batista;;POB Films, SRL;;pending;46000000;spanish
MOV-0179;DO-2024-buscando-a-colon;Buscando A Colón;2024;;documentary;85;DO;unknown;Héctor Manuel Valdez Martínez;;Ingenio Lateral, SRL;;pending;42118011;spanish
MOV-0180;DO-2023-churriwood-canta-y-no-llores;Churriwood: Canta Y No Llores;2023;2024;comedy;85;DO;released;Félix Sabroso;;Churriwood, SRL;Una familia de mujeres compuesta por Pepa, la matriarca (Consuelo Duval), Beli, la artista (Michelle Rodríguez) y su hija Lucía (Patricia Maqueo), viven junto a Toni (Paco Rueda), hijo de Pepa y hermanastro de Beli. La familia maneja un food truck de tacos para ganarse la vida, donde van cocinando inquietudes artísticas y frustraciones cotidianas.;filmaffinity;84791232;spanish
MOV-0181;DO-2021-colosal;Colosal;2021;;documentary;70;DO;in_festivals;Nayibe Annette Tavares Abel;;Tavab, SRL;A través de las historias personales, Colosal revela los altibajos de un país marcado por las elecciones, la corrupción y los movimientos sociales. Mientras se enfrentan a sus propias batallas, los miembros de la familia buscan comprender el impacto del poder, la resistencia y la búsqueda de justicia en un entorno donde el cambio parece siempre incierto. ;youtube;27543352.43;spanish
MOV-0182;DO-2023-cosas-menores;Cosas Menores;2023;;drama;83;DO;unknown;Laura Amelia Guzmán;;Producciones Guayacanes 010, SRL;;pending;89641537;spanish
MOV-0183;DO-2022-del-olor-de-las-nubes;Del Olor De Las Nubes;2022;;drama;90;DO;in_festivals;Juan José Namnún Tavárez;;No Al Averno Producciones, SRL;Un pintor que se recupera de una crisis creativa cae en un conflicto entre su nueva musa inspiradora y su esposa/gerente.;imdb;75139640.11;spanish
MOV-0184;DO-2023-duarte-con-paris;Duarte Con Paris;2023;;documentary;80;DO;unknown;Iván Herrera;;Onice Films, SRL;;pending;31478666.9;spanish
MOV-0185;DO-2023-el-ascenso;El Ascenso;2023;;documentary;90;DO;unknown;Fernando Rivas;;Grapita Films, SRL;;pending;51000000;spanish
MOV-0186;DO-2023-el-buen-vivir-2;El Buen Vivir 2;2023;;documentary;80;DO;unknown;Iván Aybar;;Stone Productions, SRL;;pending;38019682;spanish
MOV-0187;DO-2024-el-diablo-no-duerme-en-su-cama;El Diablo No Duerme En Su Cama;2024;;dark comedy;95;DO;unknown;Amauris Pérez;;Cotorra Films, SRL;Las tensiones surgen entre dos familias cuando una joven pareja se da cuenta de que sus padres también eran pareja en el pasado.;imdb;69476165.26;spanish
MOV-0188;DO-2023-el-heredero;El Heredero;2023;2024;comedy;90;DO;released;José Pintor;;Cacine Films, SRL;Una familia con graves problemas de endeudamiento se encuentra entre un acreedor abusivo y un sobrino con una cuantiosa herencia.;filmaffinity;106174091;spanish
MOV-0189;DO-2023-el-mangu;El Mangu;2023;;documentary;85;DO;unknown;Gabriel Lantigua;;Imbexford Global Group, SRL;;pending;43113665.79;spanish
MOV-0190;DO-2022-el-mundo-secreto-de-marina;El Mundo Secreto De Marina;2022;;drama;90;ES|MX;in_production;Beatriz Cristina Bouras Arnal;;Colonial Films, SRL;;pending;84661668.74;spanish
MOV-0191;DO-2022-el-nacimiento-de-iberoamerica;El Nacimiento De Iberoamerica;2022;;documentary;70;DO;unknown;Belén Rodríguez;;1576 Films, SRL;;pending;50400000;spanish
MOV-0192;DO-2023-el-naturalista-isleno-2;El Naturalista Isleño 2;2023;;documentary;90;DO;in_production;Eladio Fernández Rodríguez;;Naturalista Media, SRL;;pending;34477228.48;spanish
MOV-0193;DO-2023-el-padrino;El Padrino;2023;2025;documentary;95;DO;released;Pablo Lozano Hernández;;Sky Films, SRL;;pending;39151543;spanish
MOV-0194;DO-2023-emergiendo;Emergiendo;2023;;documentary;95;DO;in_festivals;Augusto Guerrero Abreu;;Emergiendo Films, SRL;;pending;46991126;spanish
MOV-0195;DO-2023-en-busca-de-un-sueno;En Busca De Un Sueño;2023;;docudrama;70;DO;unknown;Lizeth Barrantes Figueroa;;Barrantes Films, SRL;;pending;19209677.87;spanish
MOV-0196;DO-2023-ercilia-pepin;Ercilia Pepin;2023;;documentary;80;DO;in_festivals;Máximo Euripides Cabral Jiménez;;Pimali Films, SRL;La vida de la maestra dominicana, patriota y activista Ercilia Pepín.;imdb;38278409.79;spanish
MOV-0197;DO-2023-futbol-desde-el-corazon;Futbol Desde El Corazón;2023;;documentary;90;DO;in_festivals;Nelson Eric González Santana;;Game Time Films, SRL;La historia del fútbol dominicano, y el trabajo social realizado a través de él.;imdb;45691486;spanish
MOV-0198;DO-2023-historia-musica-dom-i;Historia De La Musica Dominicana I (El Merengue);2023;;docudrama;90;DO;unknown;Miguel Vásquez Brazoban;;Metro Films, SRL;;pending;59679793.52;spanish
MOV-0199;DO-2023-historia-musica-dom-iii;Historia De La Musica Dominicana III (La Industria Urbana);2023;;docudrama;90;DO;unknown;Miguel Vásquez Brazoban;;Metro Films, SRL;;pending;59217423.36;spanish
MOV-0200;DO-2023-jaime-colson-renovarse-o-morir;Jaime Colson: Renovarse o Morir;2023;;documentary;70;DO;unreleased;Gina Giudicelli|Elsa Turull Maldonado De Alma;;Larimar Services, SRL; Esta película es una indagación sobre el   pintor  Jaime Colson , figura fundamental de la plástica y la cultura dominicana , es a la vez la documentación de su figura y sus huellas artística.;youtube;39926848;spanish
MOV-0201;DO-2023-juan-canela;Juan Canela;2023;;docufiction;80;DO;unknown;Yoel Báez Morales;;La Boda Films, SRL;;pending;54145112.97;spanish
MOV-0202;DO-2024-kika-y-nito;Kika Y Nito;2024;;documentary;70;DO;unknown;José Manuel Taveras|Elsa Turull;;Larimar Services, SRL;;pending;38117316.63;spanish
MOV-0203;DO-2024-kiki-y-kiki;Kiki Y Kiki;2024;;drama;70;DO;in_festivals;Humberto Tavárez;;Producciones Guayacanes 014, SRL;;pending;67998354;spanish
MOV-0204;DO-2023-la-42;La 42;2023;2025;documentary;90;DO;released;José María Cabral González;;Grupo Trukemer, SRL;En una vibrante calle dominicana, bailarines y artistas persiguen la fama mientras luchan contra la opresión policial. Su expresión cruda y espíritu rebelde crean un choque electrizante entre cultura, autoridad y libertad artística.;cinemadominicano;43891267;spanish
MOV-0205;DO-2023-la-batalla-de-los-angeles;La Batalla De Los Angeles;2023;2026;drama;75;DO;released;Félix María Germán Olalla;;Mafe Films, SRL;Una violencia desenfrenada se ha apoderado del mundo. Una familia de sobrevivientes, recorren pueblos y ciudades con el féretro de García Lorca, el poeta asesinado, realizando una misteriosa y desgarradora representación que evoca el amor y la paz. Recomponiéndose después de haber sido diezmados por sus enemigos, se encuentran en una playa y retoman el camino hacia la ciudad, donde un ejército despiadado y salvaje que tiene como lema “Que viva la muerte”, los espera. Amar el terror anticuado y romántico es lo que hace de sus métodos de tortura algo aterrador. En cada lugar, crueles asesinos los esperan para convencerlos de rendirse y doblegar su fe, o crucificarlos. Mientras la familia se enfrenta a sus miedos y conflictos entre sí, su misión de coraje y sacrificio, es el último recurso para salvar a la humanidad del caos y su propia destrucción. ;youtube;68899931;spanish
MOV-0206;DO-2024-la-chercha;La Chercha;2024;;comedy;81;DO;unknown;Ramón Arturo Herrera Rijo;;Joyadise, SRL;;pending;16985583.33;spanish
MOV-0207;DO-2022-la-conquista-de-un-recluso;La Conquista De Un Recluso;2022;;drama;80;DO;unknown;Sandro Sepúlveda Montero;;Yohima, SRL;Un joven aterriza en la cárcel a pesar de intentar dejar atrás su oscuro pasado. Un año después, ha logrado un liderazgo que puso en peligro su vida.;imdb;29989039.81;spanish
MOV-0208;DO-2023-la-corta-vida-de-las-flores;La Corta Vida De Las Flores;2023;2026;comedy|drama;80;DO;released;Pablo Lozano;;Producciones Guayacanes 011, SRL;Rommel y Roxanna han construido una vida llena de creatividad, rodeados de música y flores. Ahora, en la mediana edad, se encuentran a las puertas de una nueva etapa al prepararse para recibir a su primer hijo. Pero durante una sesión rutinaria con su doula, un recuerdo largamente enterrado ensombrece su pasado y los obliga a cuestionar los cimientos de su relación. ¿Se enamoraron por verdadero afecto o fue solo un giro del destino? A medida que se desdibujan los límites entre la memoria, la verdad y el amor, Rommel y Roxanna deben confrontar su historia compartida para decidir qué tipo de futuro desean para su familia.;caribbeancinemas;70200000;spanish
MOV-0209;DO-2022-la-novia-del-atlantico;La Novia Del Atlántico;2022;;drama;90;DO;unreleased;Vicente Peñarrocha;;Latino Films, SRL;;pending;98601604.06;spanish
MOV-0210;DO-2024-la-pelicula-de-mi-tio;La Pelicula De Mi Tio;2024;;drama;90;DO;in_production;Rosa Natalia Cabral Sosa;;Faula Films, SRL;Julia anhela seguir los pasos de su ídolo, Pier Paolo Pasolini. Sin embargo, su situación familiar se complica cuando su madre pierde su trabajo, lo que lleva a Julia a acercarse a su tío Kennedy -antiguo productor de comedias populares con un solo éxito en su carrera- en busca de ayuda en el mundo del cine. A pesar de su rencor hacia él por haber estado ausente en su infancia y considerarlo un impostor, decide trabajar con él para ayudar a su familia.;webpage;84499765;spanish
MOV-0211;DO-2024-las-flores-del-eden;Las Flores Del Eden;2024;;documentary;90;DO;unknown;Pablo José Lozano Hernández;;Lopasa Comercial, SRL;;pending;24916256;spanish
MOV-0212;DO-2023-las-jefas;Las Jefas;2023;;documentary;95;DO;unknown;Rafael Brito;;Fogón Films, SRL;;pending;55797743.77;spanish
MOV-0213;DO-2023-mama-ninon;Mama Ninon;2023;;documentary;90;DO;unknown;Eudys Jesús Cordero Ramírez;;Reen Films, SRL;;pending;26026507.44;spanish
MOV-0214;DO-2023-marcas-emblematicas-2;Marcas Emblematicas 2;2023;;documentary;95;DO;unknown;Pablo Lozano Hernández;;Sky Films, SRL;;pending;37622486;spanish
MOV-0215;DO-2023-me-caso-con-tu-ex;Me Caso Con Tu Ex;2023;2024;comedy;85;DO;released;Alcibiades López Castillo;;Me Caso Con Tu Ex Films, SRL;Un hombre reúne a sus viejos amigos para presentarles a su prometida, quien por casualidad resulta ser el ex de uno de ellos. El caos sobreviene.;imdb;99186245;spanish
MOV-0216;DO-2023-melodrama;Melodrama;2023;;drama;92;DO;in_festivals;Andrés Farías Cintron;;Producciones Guayacanes 009, SRL;Sonia, una viuda dominicana, se ve obligada a vender la casa de toda su vida para mudarse a un pequeño apartamento frente al Mar Caribe. La transición la abruma, pero todo cambia cuando conoce a Aimé, el obrero haitiano que trabaja en el edificio vecino bajo construcción. Casi al instante, Sonia y Aimé entablan una fuerte conexión, y comienzan una relación amorosa a la cual todos se opondrán. Con la oportunidad de un nuevo comienzo, Sonia deberá decidir si hacerle caso a su corazón o rendirse ante la presión de la sociedad. ;youtube;84999202;spanish
MOV-0217;DO-2019-mi-les-paul;Mi Les Paul;2019;;comedy|romance;90;DO;in_festivals;Francisco Adolfo Valdez Collado;;Soluciones Dricarvac, SRL;" Andrés llega al departamento de Natalia para recuperar su antigua guitarra, pero el encuentro rápidamente reabre viejas heridas que ninguno de los dos ha querido encarar. Lo que comienza como un simple trámite se transforma en una reunión explosiva, donde las emociones reprimidas emergen con fuerza: rencor, anhelo, sentimiento de culpa; y la línea que separa el amor del dolor se vuelve borrosa. La guitarra se convierte en un catalizador, lanzándolos a una confrontación tan brutal como reveladora. Presos entre el impulso de lastimar y la necesidad de ser entendidos, caen en una espiral de vulnerabilidad, manipulación y destellos de humor inesperado, revelando el daño que se han infligido mutuamente, y a sí mismos. Finalmente, alcanzan un incómodo instante de lucidez, que los obliga a enfrentarse no solo a su pasado en común, sino también a las verdades que han estado eludiendo hasta ahora. ";youtube;55736970;spanish
MOV-0218;DO-2024-miriam-cruz;Miriam Cruz;2024;;docufiction;90;DO;unknown;Giancarlo Beras Goico Mejía;;Timecode, SRL;;pending;65826116;spanish
MOV-0219;DO-2023-molecula;Molécula;2023;;documentary;90;DO;unknown;Oriol Estrada Martos;;Faula Films, SRL;;pending;34488971.96;spanish
MOV-0220;DO-2023-mr-optimus;Mr Optimus;2023;;documentary;70;DO;unknown;Mariel Aponte Alburquerque;;Vianico Films, SRL;;pending;42900000;spanish
MOV-0221;DO-2023-ninas-escarlata;Niñas Escarlata;2023;;documentary;80;DO;in_festivals;Paula Cury Melo;;Cristal Cine, SRL;¿Qué significa ser mujer en un país donde el aborto es penalizado bajo cualquier circunstancia? Adolescenetes y mujeres alrededor de la República Dominicana son retratadas mientras narran sus experiencias de vida con el embarazo no deseado, la maternidad forzada y el aborto clandestino, en un documental que mezcla lo cotidiano y lo performático.;webpage;39943831.63;spanish
MOV-0222;DO-2023-no-salgas;No Salgas;2023;;horror;90;DO;in_festivals;Victoria Linares Villegas;;El Perro De Argento, SRL;Después del misterioso asesinato de su novia secreta, Liz, una estudiante universitaria que lucha con su sexualidad, se va con sus amigas a una escapada de fin de semana sin saber que es el objetivo de un ente sobrenatural que se cobra vidas de personas queer en República Dominicana.;webpage;22247949.85;spanish
MOV-0223;DO-2024-operacion-1888;Operación 1888;2024;;comedy;85;DO;unknown;Yasser Michelen;;Godraniss Group, SRL;;pending;51871034;spanish
MOV-0224;DO-2023-pica-pleito;Pica Pleito;2023;;comedy|romance;90;DO;unknown;Francisco Perozo Balbuena;;Picapleito Films, SRL;;pending;89989332;spanish
MOV-0225;DO-2024-providencia;Providencia;2024;;documentary;90;DO;unknown;Juliana Schatz;;Loud Alco, SRL;;pending;38088824.8;spanish
MOV-0226;DO-2024-release;Release;2024;;documentary;80;DO;unknown;Tito Rodriguez;;Dr Release, SRL;;pending;63381163.84;spanish
MOV-0227;DO-2024-sabores;Sabores;2024;;documentary;80;DO;unknown;Yasser Michelen;;Stone Productions, SRL;;pending;42260998;spanish
MOV-0228;DO-2023-samana;Samana;2023;2024;sci-fi;95;ES;released;Rafael Ignacio Cortés Oliver;;Fogata Films, SRL;En Samaná, República Dominicana, dos parejas amigas, Ale y Santi, Natalia y Mario, celebran sus 20 años juntos en un resort. Durante la fiesta, Ale, animada por el ron, confiesa que en 2003 manipuló los hechos para quedarse con Santi, aunque él estaba más interesado en Natalia. La revelación genera tensiones y la noche termina con decepción. Al despertar, Ale descubre que su vida ha cambiado: Mario es su esposo, mientras que Natalia y Santi son pareja. Cree que le están jugando una broma, pero para los demás, es ella quien se comporta extraño. A lo largo del día, ambas realidades chocan, obligando a todos a confrontar lo que son y lo que pudieron haber sido. Sus relaciones se ponen a prueba, revelando compatibilidades, frustraciones y deseos ocultos. Al final del día, cada uno anhela despertar en una realidad diferente, cuestionando si la vida que llevan es realmente la que debían vivir.;youtube;69904241.92;spanish
MOV-0229;DO-2019-se-hizo-la-noche;Se Hizo La Noche;2019;;documentary;75;DO;unknown;David Emmanuel Maler Baquero;;Cacine Films, SRL;;pending;41418139;spanish
MOV-0230;DO-2023-subes-o-bajas;Subes O Bajas;2023;;comedy|romance;94;ES;unknown;Davi Vega Umpierrez;;Lune Films Productions, SRL;;pending;90912803.3;spanish
MOV-0231;DO-2023-tesoro;Tesoro;2023;;adventure;85;DO;streaming;Héctor Manuel Valdez;;Ingenio Lateral, SRL;Un cazador de tesoros se embarca en la búsqueda de un legendario tesoro que perteneció al explorador Cristóbal Colón. Motivado por el sueño de su mentor, este aventurero se adentra en un peligroso viaje, donde inesperadamente encuentra un aliado en un joven de la calle, quien se convierte en su aprendiz. Juntos enfrentan diversos desafíos mientras avanzan en su emocionante aventura.;youtube;84365583;spanish
MOV-0232;DO-2023-tiempo-y-forma;Tiempo Y Forma;2023;2026;documentary;97;DO;released;Miguel Yarull Sánchez;;Lembeck Films, SRL;Tiempo y Forma es una mirada comprensiva a la importancia, alcance, retos y logros de la labor arquitectónica en la República Dominicana. Con el desarrollo de nuestras ciudades, la arquitectura y quienes la ejercen cada día más van adquiriendo un lugar destacado en la cadena profesional. Tiempo y Forma pretende iluminar la obra y el legado de nuestros grandes arquitectos y arquitectas, algo que solo ha sucedido de manera académica, y que ahora pretendemos destacar con esta obra de no ficción contada en sus propias voces, en los escenarios y construcciones donde todo ha sucedido. Por igual trataremos los retos de nuestras ciudades, de nuestros polos turísticos, de nuestras edificaciones, dejando un documento que pueda servir de base y referencia para futuras generaciones, porque quien no conoce lo que tiene no puede valorarlo.;caribbeancinemas;44308251;spanish
MOV-0233;DO-2023-tingo-sembradora-de-justicia;Tingo: Sembradora De Justicia;2023;;documentary;90;DO;unknown;Hans Christians García García;;Hannah Films, SRL;;pending;39969357.98;spanish
MOV-0234;DO-2024-una-pina-para-el-rey;Una Piña Para El Rey;2024;;documentary;85;DO;unknown;Héctor Manuel Valdez Martínez;;Yuttam Group, SRL;;pending;29634761;spanish
MOV-0235;DO-2023-unos-dias-al-sol;Unos Dias Al Sol;2023;;drama;91;MX|DE;unknown;Mauro Mueller;;Producciones Guayacanes 012, SRL;;pending;143824749.5;spanish
MOV-0236;DO-2022-xiguapa;Xiguapa;2022;;thriller|action;90;DO;unknown;Francisco Disla Ferreira;;Aldea Films, SRL;;pending;128371724.2;spanish
MOV-0237;DO-2024-afinador-de-melodias;Afinador De Melodias;2024;;documentary;90;DO;unknown;Eleuterio Silverio;;Hannah Films, SRL;;pending;39954318.19;spanish
MOV-0238;DO-2024-animales-salvajes;Animales Salvajes;2024;;sci-fi;85;DO;unknown;Yasser Walid Michelen Cunillera;;Godraniss Group, SRL;;pending;75754528;spanish
MOV-0239;DO-2025-aquella-primavera-del-65;Aquella Primavera Del 65;2025;;documentary;90;DO;in_festivals;Mayra Poueriet Bautista;;Isla Bonita Films, SRL;En República Dominicana, la revolución de abril de 1965 vive en los relatos de mujeres que la defendieron con sus cuerpos y convicciones. Vive también en mi tía Idelcis, cuya memoria comienza a borrarse. Aquella primavera es una búsqueda por reconstruir lo que se desvanece: los recuerdos personales de una combatiente y la memoria colectiva de un país que minimizó la participación de la mujer en su historia. A través de testimonios íntimos, el documental intenta rescatar una verdad relegada y abrir un diálogo inter-generacional sobre el olvido, la resistencia y la necesidad de recordar ;youtube;24857650;spanish
MOV-0240;DO-2025-arjet-iv-un-ser-espacio;Arjet Iv: Un Ser En El Espacio;2025;;thriller;80;DO;unknown;Francisco Bladimir Abud Hidalgo ;;Panta Rei Films, SRL;;pending;72748495;spanish
MOV-0241;DO-2025-bajo-el-ojo-vigilante;Bajo El Ojo Vigilante;2025;;drama;90;DO;unknown;José Anibal Duluc Cordero;;LMA Films, SRL;;pending;69615119.97;spanish
MOV-0242;DO-2024-bano-de-mujeres;Baño De Mujeres;2024;2025;thriller;90;DO;released;José Enrique Pintor;;Regency Films 16, SRL;Johana, Lily y Marianne están disfrutando cada minuto de su escapada. Han tomado carretera para dejar de lado el estrés y absorber la vida en bocanadas. Hacen una parada técnica en una estación de carretera y todos sus planes se viran cuando, estando en el baño, Johana empieza a leer mensajes escritos en la puerta. Son de alguien pidiendo ayuda. Primero lo toma a chiste, pero al disponerse a salir, un leve susurro la detiene. Alguien le está hablando, pero allí no hay nadie. Una señal tras otra cambiará completamente la actitud de Johana. Decidida a ayudar, les cuenta a sus amigas. En principio las chicas se lo vacilan, pero luego terminan las tres envueltas en la más escalofriante trama.;caribbeancinemas;105318790;spanish
MOV-0243;DO-2025-bienaventuradas-las-que-lloran;Bienaventuradas Las Que Lloran;2025;;drama;90;DO;in_production;Victoria Linares Villegas;;Loud Alco, SRL;;pending;61575157;spanish
MOV-0244;DO-2023-boru-pelota-beisbol-lenguaje;Boru Pelota: Beisbol, El Lenguaje Que Nos Une;2023;;documentary;90;DO;in_festivals;Ronny Alexander Sosa González;;Fénix Legendario Studios, SRL;BŌRU es un documental que explora la profunda conexión cultural entre la República Dominicana y Japón, revelando historias de migración, identidad y pertenencia. A través de testimonios íntimos y experiencias reales, la película construye un puente entre dos culturas aparentemente distantes, mostrando cómo sus tradiciones, valores y aspiraciones se entrelazan en la vida cotidiana de sus protagonistas. En este viaje humano y emocional, el documental descubre un hilo invisible que une ambos mundos, dando forma a una narrativa sobre raíces, adaptación y legado.;youtube;28896550.22;spanish
MOV-0245;DO-2025-buscando-el-tureiro;Buscando El Tureiro;2025;;documentary;70;DO;unknown;Pablo Lozano;;Jicotea Films, SRL;;pending;25000000;spanish
MOV-0246;DO-2024-cabanas;Cabañas;2024;;documentary;80;DO;unknown;Jeissy Snyder José Trompiz;;Cuaba Films, SRL;;pending;25000000;spanish
MOV-0247;DO-2024-caguama;Caguama;2024;;documentary;90;DO;unknown;Francisco Ariel Mota Mota;;La Choza Films, SRL;;pending;24152084;spanish
MOV-0248;DO-2024-carnada;Carnada;2024;;documentary;70;DO;unknown;David Emmanuel Maler Baquero;;Cacine Films, SRL;;pending;25000000;spanish
MOV-0249;DO-2024-climber-paradise;Climber Paradise;2024;;documentary;85;DO;unknown;Yasser Walid Michelen Cunillera;;Vezlop Group, SRL;;pending;24839235;spanish
MOV-0250;DO-2025-codigo-z;Codigo Z;2025;;comedy;90;DO;unknown;José Ramón Alamá Núñez;;Stone Productions, SRL;;pending;74969210;spanish
MOV-0251;DO-2023-dentro-de-mi;Dentro De Mi;2023;;documentary;80;DO;unknown;Marvin Del Cid Álvarez;;Blind Eye Productions, SRL;;pending;30103617.62;spanish
MOV-0252;DO-2025-dominicana-republica-de-records;Dominicana: República De Records;2025;;documentary;90;DO;unknown;Máximo Alberto Zayas Coronado;;Timecode, SRL;;pending;17664968;spanish
MOV-0253;DO-2025-el-corazon-de-la-vega;El Corazon De La Vega;2025;;documentary;90;DO;in_festivals;Denny Feliz Núñez|Félix Limardo Serrano;;Saman Films, SRL;;pending;13700857.33;spanish
MOV-0254;DO-2024-el-legado-de-san-pedro;El Legado De San Pedro;2024;;documentary;70;DO;in_production;Pablo Lozano Hernández;;Sky Films, SRL;;pending;25000000;spanish
MOV-0255;DO-2024-silencio-sociedad-dominicana;El Silencio De La Sociedad Dominicana;2024;2025;documentary;90;DO;released;Cándido Encarnación;;Sinergia Films, SRL;;pending;23907964.05;spanish
MOV-0256;DO-2024-el-visitador;El Visitador;2024;;drama;85;DO;unknown;Alejandro Andújar;;YG Vega Pictures, SRL;;pending;74999987.68;spanish
MOV-0257;DO-2025-esperanza-sonora;Esperanza Sonora;2025;;documentary;87;DO;unknown;José Gómez De Vargas;;La Boda Films, SRL;;pending;25000000;spanish
MOV-0258;DO-2024-eugenio;Eugenio;2024;;drama;90;DO;unknown;Félix María Germán Olalla;;Mafe Films, SRL;;pending;78612370;spanish
MOV-0259;DO-2025-folklore;Folklore;2025;;documentary;90;DO;unknown;Francisco Rodríguez;;Orgullo De Quisqueya, SRL;;pending;24985112.71;spanish
MOV-0260;DO-2024-henry-molina-lider-sindical;Henry Molina: Lider Sindical Internacional;2024;;documentary;72;DO;in_festivals;Guillermo Emilio Molina;;Estandarf Films, SRL;;pending;27473270.75;spanish
MOV-0261;DO-2024-historia-musica-dom-ii;Historia De La Musica Dominicana II: La Bachata;2024;;docudrama;70;DO;unknown;Miguel Vásquez Brazoban;;Metro Films, SRL;;pending;23600319.51;spanish
MOV-0262;DO-2024-huracan;Huracán;2024;;documentary;70;DO;unknown;Iñigo Apestegui;;Duho Cinema, SRL;;pending;24998723.76;spanish
MOV-0263;DO-2024-juliqueo-dominicano;Juliqueo Dominicano;2024;;documentary;90;DO;unknown;Ramón Steven Batista Valdez;;Bohuco Films, SRL;;pending;54523833.75;spanish
MOV-0264;DO-2025-la-altagracia;La Altagracia;2025;;documentary;90;DO;unknown;Pablo José Lozano Hernández;;Sky Films, SRL;;pending;24998752;spanish
MOV-0265;DO-2024-breve-historia-punk-republica-dominicana;La Breve Historia Del Punk En La Republica Dominicana;2024;;documentary;90;DO;in_production;Juan Adrian Pucheu Perdomo;;Punk Films, SRL;;pending;28594893.43;spanish
MOV-0266;DO-2024-la-gran-oportunidad;La Gran Oportunidad;2024;;documentary;72;DO;unknown;Guillermo Emilio Molina;;RDPositiva Films Peliculas y Documentales, SRL;;pending;24595878.3;spanish
MOV-0267;DO-2024-la-historia-de-marileidy-paulino;La Historia De Marileidy Paulino;2024;;drama|biography;90;DO;unknown;Francisco Alberto Rodríguez;;Orgullo De Quisqueya, SRL;;pending;99500000;spanish
MOV-0268;DO-2023-la-ruta-reciclaje-de-la-botella;La Ruta: Reciclaje De La Botella;2023;;documentary;95;DO;unknown;Pedro Urrutia Liriano;;Radio Cadena Comercial Pictures, SRL;;pending;50000000;spanish
MOV-0269;DO-2024-la-ultima-frontera;La Última Frontera De La Exploracion Humana;2024;;documentary;85;DO;unknown;Héctor Manuel Valdez;;Vezlop Group, SRL;;pending;24881855;spanish
MOV-0270;DO-2025-la-vuelta;La Vuelta;2025;;drama;90;DO;unknown;Ronni Oscar Castillo Alcántara;;Arrayano Films, SRL;;pending;47788588.66;spanish
MOV-0271;DO-2025-las-evas;Las Evas;2025;;documentary;80;DO;unknown;Lorena Reyes|Nubia Daniela López Duran;;Hélix, SRL;;pending;23199991.14;spanish
MOV-0272;DO-2024-las-flores;Las Flores;2024;;documentary;70;DO;unknown;Katherine Díaz Fernández;;Yohima, SRL;;pending;24993749.7;spanish
MOV-0273;DO-2024-media-isla-de-equipaje;Media Isla De Equipaje;2024;;documentary;70;DO;unknown;Isabella Bretón;;Ámbar Producciones, SRL;;pending;24682863;spanish
MOV-0274;DO-2024-musica-de-guardia;Música De Guardia;2024;;docudrama;70;DO;unknown;Miguel Vásquez Brazoban;;Metro Films, SRL;;pending;23600319.51;spanish
MOV-0275;DO-2022-ninos-de-cristo;Niños De Cristo;2022;;documentary;100;DO;in_festivals;Christian Melendez Almonte;;Los Ángeles Film And TV, SRL;;pending;29610234;spanish
MOV-0276;DO-2024-sana-y-salva;Sana Y Salva;2024;;drama;100;PR;unreleased;Arí Maniel Cruz Suárez;;Bahía Carey Films, SRL;Esther, una inmigrante dominicana embarazada, llega de manera clandestina a Puerto Rico y se convierte rápidamente en objetivo de las autoridades. Obligada a huir para protegerse a sí misma y a su hijo por nacer, se cruza con Arcadio, un hombre con limitaciones intelectuales cuyo corazón generoso contrasta con la hostilidad del entorno. A medida que avanzan juntos por la isla, surge un vínculo inesperado que les brinda momentos de refugio, dignidad y conexión humana. La película retrata una alianza frágil marcada por el miedo, la compasión y la fuerza silenciosa de la solidaridad.;tamoencine;265348823;spanish
MOV-0277;DO-2021-sanky-panky-4-de-safari;Sanky Panky 4: De Safari;2021;2025;comedy;100;DO;released;Elías Acosta;;Sanky Panky 4 De Safari, SRL;Carlitos, Chelo y Genaro, trabajan en una finca cacaotera que a su vez es una fabrica de chocolate, en una una fiesta de la empresa, Carlitos, en una rifa, se saca un viaje para un safari a África, para él y dos personas más. Carlitos invita a sus dos inseparables amigos para que lo acompañen a esa gran aventura. Una vez en África, en medio de una situación, los 3 amigos se pierden por separado y cada uno llega a una tribu distinta, en donde iniciará la mayor aventura de sus vidas.;filmaffinity;98567573.38;spanish
MOV-0278;DO-2024-soy-merengue;Soy Merengue;2024;;documentary;90;DO;unknown;Eliezer De Jesús Pichardo Figueroa;;Ritmo Films, SRL;;pending;24613311.15;spanish
MOV-0279;DO-2025-su-mano;Su Mano;2025;;drama;90;DO;in_production;José Carlos Vargas;;Comparsa Films, SRL;;pending;50000000;spanish
MOV-0280;DO-2023-suenos-dorados;Sueños Dorados;2023;2025;documentary;80;DO;released;Mariano De Jesús Pichardo Figueroa;;Plan K, SRL;Este documental narra la inspiradora trayectoria de Marileidy Paulino, nuestra doble medallista olímpica y embajadora de la marca Popular, hacia los Juegos Olímpicos de Paris 2024, utilizando testimonios de las personas más cercanas a ella y relatando su historia, la de su familia, sus orígenes y sus triunfos.;caribbeancinemas;48551897;spanish
MOV-0281;DO-2025-oda-a-la-vaca;Oda A La Vaca;2025;;documentary;85;DO;in_production;José Ramón Alamá Núñez;José Ramón Alamá Núñez;Godraniss Group, SRL;;pending;24902957;spanish
MOV-0282;DO-2025-origen-apellidos-dominicanos;Origen De Los Apellidos Dominicanos;2025;;documentary;72;DO;in_production;Miguel Vásquez Brazoban;Miguel Vásquez Brazoban;Metro Films, SRL;;pending;23345239.47;spanish
MOV-0283;DO-2022-palo;Palo;2022;;docufiction;90;DO;in_production;Juan Alexander De Los Santos Viola;Cristian Mojica Espinal|Juan Alexander De Los Santos Viola;Prende y Entiende Films, SRL;;pending;38029679;spanish
MOV-0284;DO-2025-rio-blanco;Rio Blanco;2025;;documentary;90;DO;in_production;Lorena Aibet Reyes Toribio;Amin Abel Hernández Lapaix|Lorena Aibet Reyes Toribio;Hélix, SRL;;pending;24997669.11;spanish
MOV-0285;DO-2025-superpoblado;Superpoblado;2025;;drama;90;DO;in_production;Miguel Vásquez Brazoban;Miguel Vásquez Brazoban;Metro Films, SRL;;pending;58577787.6;spanish
MOV-0286;DO-2024-veteranos-patria-y-legado;Veteranos: Patria Y Legado;2024;;documentary;90;DO;in_production;José Félix Pérez Correa;José Félix Pérez Correa;Joyadise, SRL;;pending;24486166.11;spanish
MOV-0287;DO-2025-alzados;Alzados;2025;;drama;75;DO;in_production;Félix María Germán Olalla;Félix María Germán Olalla;Mafe Films, SRL;;pending;58733299;spanish
MOV-0288;DO-2025-antologia-dulce-dominicano;Antologia Del Dulce Dominicano;2025;;documentary;85;DO;in_production;Hector Manuel Valdez Martínez;José Ramón Alamá Núñez;Vezlop Group, SRL;;pending;24325476;spanish
MOV-0289;DO-2025-aporte-merengue-dominicano;Aporte Patriótico Del Merengue Dominicano;2025;;documentary;90;DO;in_production;Máximo Euripides Cabral Jiménez;Máximo Euripides Cabral Jiménez;Anbeca Films, SRL;;pending;22382474.57;spanish
MOV-0290;DO-2025-archipielago;Archipielago;2025;;drama;90;DO;in_production;Israel Cardenas Ramírez|Laura Amelia Guzmán Conde;Israel Cardenas Ramírez;Producciones Guayacanes 017, SRL;;pending;45016160;spanish
MOV-0291;DO-2025-arrecifes-en-el-precipicio;Arrecifes En El Precipicio;2025;;documentary;85;DO;in_production;Juan Mejía Botero|Eladio Fernández;Jacob Wayne Kheel|Freddy Arturo Ginebra|Juan Mejía Botero;Tarasios Investments, SRL;;pending;24827178.67;spanish
MOV-0292;DO-2023-artesanos-artifices-de-suenos;Artesanos Artifices De Sueños;2023;;documentary;90;DO;in_production;Josías Domínguez;Eleuterio Silverio;La Flor De Auyama Films, SRL;;pending;44337459.37;spanish
MOV-0293;DO-2025-buena;Buena;2025;;melodrama|comedy|fantasy;90;DO;in_production;Kevin Kittle;María Delina Jorge León;Jugando Roles, SRL;;pending;74997414;spanish
MOV-0294;DO-2025-caminar-con-un-duende;Caminar Con Un Duende;2025;;documentary;70;DO;in_production;José María Cabral González;José María Cabral González;Grupo Trukemer, SRL;;pending;24065233;spanish
MOV-0295;DO-2025-cimarron;Cimarron;2025;;documentary;90;DO;in_production;Eladio Miguel Fernández Rodríguez;Claudia Galeano Fores|Eladio Miguel Fernández Rodríguez;En Olla Media, SRL;;pending;22928312.74;spanish
MOV-0296;DO-2024-comemierda;Comemierda;2024;;drama;90;DO;in_production;José María Cabral González;Natalia Peralta|Miguel Yarull|José María Cabral González;Producciones Guayacanes 015, SRL;;pending;74875470;spanish
MOV-0297;DO-2025-dando-pelo;Dando Pelo;2025;;documentary;80;DO;in_production;Nelson Eric González Santana;Nelson Enric González Santana|Miguel Alfredo Yarull Sánchez;Game Time Films, SRL;;pending;17002305;spanish
MOV-0298;DO-2025-david-el-rey-escogido;David El Rey Escogido;2025;;animation;90;DO;in_production;Jean Gabriel Guerra Vega;Miguel Alfredo Yarull Sánchez;Rey David La Pelicula, SRL;;pending;84969210;spanish
MOV-0299;DO-2025-de-tal-palo-tal-astilla;De Tal Palo, Tal Astilla;2025;;comedy;90;DO;in_production;Francisco Ernesto Perozo Balbuena;Victor Antonio Luciano Luciano|Miguel Alcibiades Alcántara Marrero|Tomy Alexander Ogando Oliveres|Miguel Alfredo Yarull Sánchez;Regency Films 15, SRL;;pending;74999267;spanish
MOV-0300;DO-2025-el-ano-del-eclipse;El Año Del Eclipse;2025;;documentary;90;US;in_production;William Frederick Cody;Wendy Virginia Muñiz Espinal|William Frederick Cody;Viewfinder, SRL;;pending;29117211.39;spanish
MOV-0301;DO-2024-el-camino-de-sanar;El Camino De Sanar;2024;;documentary;90;DO;in_production;Nelson Eric González Santana;Miguel Yurull Sánchez;Game Time Films, SRL;;pending;25000000;spanish
MOV-0302;DO-2023-el-misterio-del-caribe;El Misterio Del Caribe;2023;;mystery;90;DO;in_production;Esteban Martin;Félix Amado Rosario Viñals|Esteban Martin;Almafuerte Cine 001, SRL;;pending;101500000;spanish
MOV-0303;DO-2024-el-protocolo;El Protocolo;2024;;drama;90;DO;in_production;Pablo José Lozano Hernández;Pablo José Lozano Hernández;Boleca Films, SRL;;pending;79932213;spanish
MOV-0304;DO-2025-el-sonador;El Soñador;2025;;drama;90;US;in_production;Bienvenido Alfonso Rodríguez Zorrilla;Bienvenido Alfonso Rodríguez Zorrilla;Xepinon Investment, SRL;;pending;169996057;spanish
MOV-0305;DO-2024-frank-y-ana;Frank Y Ana;2024;;thriller;86;DO;in_production;Fernando Rafael Blanco Rivas;Fernando Rafael Blanco Rivas;;;pending;73734632.26;spanish
MOV-0306;DO-2025-guardianes-de-miches;Guardianes De Miches;2025;;documentary;70;DO;in_production;Ramón Arturo Herrera Rijo;Ramón Arturo Herrera Rijo;La Claqueta FS, SRL;;pending;24160012.47;spanish
MOV-0307;DO-2025-guloya;Guloya;2025;;documentary;70;DO;in_production;César Gilberto Amado López;César Gilberto Amado López;Duho Cinema, SRL;;pending;24994524.04;spanish
MOV-0308;DO-2025-guloya-llegada-ancestros;Guloya Llegada De Los Ancestros;2025;;documentary;90;DO;in_production;Francisco Ariel Mota Mota;Francisco Ariel Mota Mota;Orgullo De Quisqueya, SRL;;pending;25000000;spanish
MOV-0309;DO-2025-hijo-por-hijo;Hijo Por Hijo;2025;;action;85;DO;in_production;Juan Ignacio Avella;Juan Ignacio Avella;POQ Films, SRL;;pending;46000000;spanish
MOV-0310;DO-2025-hubris-trujillo-1956-1960;Hubris Trujillo 1956-1960;2025;;documentary;110;DO;in_production;Pablo José Lozano Hernández;Edwin Esteban Santana García;Sky Films, SRL;;pending;25000000;spanish
MOV-0311;DO-2025-jenny;Jenny;2025;;documentary;90;DO;in_production;Natalia Cabral Sosa;Natalia Cabral Sosa|Oriol Estrada Martos;Laberinto Films, SRL;;pending;24853989.4;spanish
MOV-0312;DO-2025-la-boca-del-infierno;La Boca Del Infierno;2025;;horror;90;DO;in_production;Felipe Vargas;Felipe Vargas;SR11 Films, SRL;;pending;87998885;spanish
MOV-0313;DO-2025-la-cumbre-asfalto-y-pasion;La Cumbre Asfalto Y Pasión;2025;;documentary;90;DO;in_production;Nelson Eric González Santana;Miguel Alfredo Yarull Sánchez;Game Time Films, SRL;;pending;24993831;spanish
MOV-0314;DO-2025-gran-oportunidad-nueva-sociedad;La Gran Oportunidad Una Nueva Sociedad;2025;;documentary;72;DO;in_production;Guillermo Molina Mueses;Luis Emilio Molina Peña;RDPositiva Films Peliculas y Documentales, SRL;;pending;24640179.54;spanish
MOV-0315;DO-2023-la-hoguera;La Hoguera;2023;;thriller;90;ES;in_production;Iñigo Apestegui Barderas;Iñigo Apestegui Barderas;Zumaia 01, SRL;;pending;90077810;spanish
MOV-0316;DO-2025-la-nina-que-salvo-la-navidad;La Niña Que Salvó La Navidad;2025;;comedy;90;DO;in_production;Héctor Manuel Valdez;José Ramón Alamá Núñez|Luis Gustavo Arambilet Díaz;Ingenio Lateral, SRL;;pending;66952525;spanish
MOV-0317;DO-2025-la-voz-del-autista;La Voz Del Autista;2025;;documentary;70;DO;in_production;Sarah Pérez Báez;Sarah Pérez Báez|Fermíin Pérez Báez;Purpleline Productions, SRL;;pending;22457451;spanish
MOV-0318;DO-2025-los-rechazados-2-mision-espacial;Los Rechazados 2: Mision Espacial;2025;;fiction;90;DO;in_production;Yasser Michelen;José Ramón Alamá;Yuttam Group, SRL;;pending;72496849;spanish
MOV-0319;DO-2025-los-reyes-de-puerto-plata;Los Reyes De Puerto Plata;2025;;documentary;70;DO;in_production;Pablo José Lozano Hernández;Pablo José Lozano Hernández;Vfilms 2, SRL;;pending;25000000;spanish
MOV-0320;DO-2024-medias-hermanas;Medias Hermanas;2024;2025;comedy;90;DO;in_production;José Enrique Pintor;Kendy Yanoreth Calcaño;Carula Films, SRL;En el “solemne” velorio de su padre y de manera muy escandalosa, Victoria, una mujer neuróticamente cómica, se entera que tiene una media hermana, Yoli, de cuya existencia no tenía ni la menor idea. Yoli, una chica de barrio bien plantada e irreverente que siempre supo de esta hermana, espera, ante la muerte de su padre, que ahora puedan conocerse y ser familia. Desequilibrada y controladora, Victoria rechaza a Yoli a carta cabal. Lo hace hasta que, por un engaño de Román, su esposo, se ve obligada a vender la encantadora casa de playa que les dejó su padre. Yoli aprovecha la circunstancia y en su jerga barrial acepta vender la casa, con una condición: que ambas pasen allí juntas el fin de año.;filmaffinity;105000000;spanish
MOV-0321;DO-2025-mi-pedro;Mi Pedro;2025;;documentary|biography;90;DO;in_production;Angélica MaríaNoboa Pagan;Angélica MaríaNoboa Pagan;Poncho Morado Films, SRL;;pending;24725987;spanish
